memory.max_usage_in_bytes,input_bam,guide|ref_hist,chromInfo,guide_gff,input_bam_extension,guide|ref_hist_extension,chromInfo_extension,guide_gff_extension,dbkey,rna_strandness,use_guide
5563424768,5781150006,0,0,0,bam,nan,nan,nan,triMan1,nan,no
3741802496,4006731526,0,0,0,bam,nan,nan,nan,?,nan,no
4046749696,3013443895,238695801,0,0,bam,gtf,nan,nan,hg38,nan,yes
430964736,155358524,63265093,0,0,bam,gtf,nan,nan,?,--rf,yes
408088576,220835144,3523941,0,0,bam,gtf,nan,nan,?,--rf,yes
435687424,155358524,63265093,0,0,bam,gtf,nan,nan,?,--rf,yes
422113280,220835144,63265093,0,0,bam,gtf,nan,nan,?,--rf,yes
396296192,176873477,63265093,0,0,bam,gtf,nan,nan,?,--rf,yes
501858304,284781488,63265093,0,0,bam,gtf,nan,nan,?,--rf,yes
575143936,296690807,63265093,0,0,bam,gtf,nan,nan,?,--rf,yes
563294208,287116545,63265093,0,0,bam,gtf,nan,nan,?,--rf,yes
550912000,338788061,63265093,0,0,bam,gtf,nan,nan,?,--rf,yes
537952256,335031621,63265093,0,0,bam,gtf,nan,nan,?,--rf,yes
309850112,85720254,63265093,0,0,bam,gtf,nan,nan,?,--rf,yes
391446528,183922630,63265093,0,0,bam,gtf,nan,nan,?,--rf,yes
368914432,156748232,63265093,0,0,bam,gtf,nan,nan,?,--rf,yes
406073344,197816157,63265093,0,0,bam,gtf,nan,nan,?,--rf,yes
391720960,171855287,63265093,0,0,bam,gtf,nan,nan,?,--rf,yes
418107392,200256842,63265093,0,0,bam,gtf,nan,nan,?,--rf,yes
389070848,177024250,63265093,0,0,bam,gtf,nan,nan,?,--rf,yes
507883520,284557744,63265093,0,0,bam,gtf,nan,nan,?,--rf,yes
471646208,201949712,63265093,0,0,bam,gtf,nan,nan,?,--rf,yes
399835136,191006380,63265093,0,0,bam,gtf,nan,nan,?,--rf,yes
304332800,75736279,63265093,0,0,bam,gtf,nan,nan,?,--rf,yes
457310208,244679340,63265093,0,0,bam,gtf,nan,nan,?,--rf,yes
523571200,303146971,63265093,0,0,bam,gtf,nan,nan,?,--rf,yes
599293952,314371872,63265093,0,0,bam,gtf,nan,nan,?,--rf,yes
655753216,439859285,63265093,0,0,bam,gtf,nan,nan,?,--rf,yes
645931008,415698399,63265093,0,0,bam,gtf,nan,nan,?,--rf,yes
403091456,99656445,63265093,0,0,bam,gtf,nan,nan,?,--rf,yes
396509184,178465072,63265093,0,0,bam,gtf,nan,nan,?,--rf,yes
454569984,176279931,63265093,0,0,bam,gtf,nan,nan,?,--rf,yes
410800128,206966588,63265093,0,0,bam,gtf,nan,nan,?,--rf,yes
422965248,210543670,63265093,0,0,bam,gtf,nan,nan,?,--rf,yes
468553728,257573008,63265093,0,0,bam,gtf,nan,nan,?,--rf,yes
440705024,219922913,63265093,0,0,bam,gtf,nan,nan,?,--rf,yes
576327680,347333910,63265093,0,0,bam,gtf,nan,nan,?,--rf,yes
4044447744,3018165443,238695801,0,0,bam,gtf,nan,nan,hg38,nan,yes
4603940864,3539745405,238695801,0,0,bam,gtf,nan,nan,hg38,nan,yes
4930654208,4024765324,238695801,0,0,bam,gtf,nan,nan,hg38,nan,yes
5280518144,4448366197,238695801,0,0,bam,gtf,nan,nan,hg38,nan,yes
3783815168,2972373840,238695801,0,0,bam,gtf,nan,nan,hg38,nan,yes
6956855296,6509381289,0,0,0,bam,gtf,nan,nan,hg19,nan,yes
7480094720,7514012119,0,0,0,bam,gtf,nan,nan,hg19,nan,yes
4050464768,3018165443,216394147,0,0,bam,gtf,nan,nan,hg38,nan,yes
1285574656,3539745405,216394147,0,0,bam,gtf,nan,nan,hg38,nan,yes
4899745792,4024765324,216394147,0,0,bam,gtf,nan,nan,hg38,nan,yes
4669992960,4448366197,216394147,0,0,bam,gtf,nan,nan,hg38,nan,yes
3761393664,2972373840,216394147,0,0,bam,gtf,nan,nan,hg38,nan,yes
461430784,179730385,63265093,0,0,bam,gtf,nan,nan,?,--rf,yes
431874048,220412544,63265093,0,0,bam,gtf,nan,nan,?,--rf,yes
310099968,91967667,63265093,0,0,bam,gtf,nan,nan,?,--rf,yes
499597312,273540242,63265093,0,0,bam,gtf,nan,nan,?,--rf,yes
563232768,329322285,63265093,0,0,bam,gtf,nan,nan,?,--rf,yes
658710528,361976250,63265093,0,0,bam,gtf,nan,nan,?,--rf,yes
740491264,509242381,63265093,0,0,bam,gtf,nan,nan,?,--rf,yes
661741568,432170123,63265093,0,0,bam,gtf,nan,nan,?,--rf,yes
305340416,76124764,63265093,0,0,bam,gtf,nan,nan,?,--rf,yes
432447488,210915580,63265093,0,0,bam,gtf,nan,nan,?,--rf,yes
438747136,215281558,63265093,0,0,bam,gtf,nan,nan,?,--rf,yes
454098944,238824116,63265093,0,0,bam,gtf,nan,nan,?,--rf,yes
473374720,251299523,63265093,0,0,bam,gtf,nan,nan,?,--rf,yes
525307904,300559041,63265093,0,0,bam,gtf,nan,nan,?,--rf,yes
495865856,265182651,63265093,0,0,bam,gtf,nan,nan,?,--rf,yes
696717312,416986839,63265093,0,0,bam,gtf,nan,nan,?,--rf,yes
378114048,170453716,63265093,0,0,bam,gtf,nan,nan,?,--rf,yes
374116352,159300036,63265093,0,0,bam,gtf,nan,nan,?,--rf,yes
288931840,66175569,63265093,0,0,bam,gtf,nan,nan,?,--rf,yes
456097792,233053867,63265093,0,0,bam,gtf,nan,nan,?,--rf,yes
479666176,262722732,63265093,0,0,bam,gtf,nan,nan,?,--rf,yes
490242048,292854854,63265093,0,0,bam,gtf,nan,nan,?,--rf,yes
689672192,469482784,63265093,0,0,bam,gtf,nan,nan,?,--rf,yes
683675648,392556848,63265093,0,0,bam,gtf,nan,nan,?,--rf,yes
287281152,71893290,63265093,0,0,bam,gtf,nan,nan,?,--rf,yes
371769344,157198718,63265093,0,0,bam,gtf,nan,nan,?,--rf,yes
372748288,163638127,63265093,0,0,bam,gtf,nan,nan,?,--rf,yes
385818624,175705157,63265093,0,0,bam,gtf,nan,nan,?,--rf,yes
404144128,189318668,63265093,0,0,bam,gtf,nan,nan,?,--rf,yes
421937152,216359114,63265093,0,0,bam,gtf,nan,nan,?,--rf,yes
406204416,197810839,63265093,0,0,bam,gtf,nan,nan,?,--rf,yes
579915776,355917229,63265093,0,0,bam,gtf,nan,nan,?,--rf,yes
483606528,213187798,63265093,0,0,bam,gtf,nan,nan,?,--rf,yes
484536320,208928840,63265093,0,0,bam,gtf,nan,nan,?,--rf,yes
299626496,80942610,63265093,0,0,bam,gtf,nan,nan,?,--rf,yes
548077568,266102824,63265093,0,0,bam,gtf,nan,nan,?,--rf,yes
633556992,337400848,63265093,0,0,bam,gtf,nan,nan,?,--rf,yes
552603648,324226611,63265093,0,0,bam,gtf,nan,nan,?,--rf,yes
705355776,493710566,63265093,0,0,bam,gtf,nan,nan,?,--rf,yes
757624832,456588958,63265093,0,0,bam,gtf,nan,nan,?,--rf,yes
319733760,104083581,63265093,0,0,bam,gtf,nan,nan,?,--rf,yes
403750912,193266777,63265093,0,0,bam,gtf,nan,nan,?,--rf,yes
391647232,181975037,63265093,0,0,bam,gtf,nan,nan,?,--rf,yes
430620672,222321879,63265093,0,0,bam,gtf,nan,nan,?,--rf,yes
428351488,213632963,63265093,0,0,bam,gtf,nan,nan,?,--rf,yes
503177216,281874050,63265093,0,0,bam,gtf,nan,nan,?,--rf,yes
504119296,224691313,63265093,0,0,bam,gtf,nan,nan,?,--rf,yes
642834432,404134632,63265093,0,0,bam,gtf,nan,nan,?,--rf,yes
171339776,462,0,0,0,bam,nan,nan,nan,?,nan,no
176627712,462,0,0,0,bam,nan,nan,nan,?,nan,no
769298432,586719536,0,0,0,bam,nan,nan,nan,?,nan,no
322732032,143300703,0,0,0,bam,nan,nan,nan,?,nan,no
441331712,261138688,0,0,0,bam,nan,nan,nan,?,nan,no
171261952,462,0,0,0,bam,nan,nan,nan,?,nan,no
171282432,462,0,0,0,bam,nan,nan,nan,?,nan,no
5553106944,4989517341,0,0,0,bam,gtf,nan,nan,hg19,--fr,yes
6449119232,5985835003,0,0,0,bam,gtf,nan,nan,hg19,--fr,yes
5772288000,5190976110,0,0,0,bam,gtf,nan,nan,hg19,--fr,yes
5890088960,5322923844,0,0,0,bam,gtf,nan,nan,hg19,--fr,yes
7170113536,6721671956,0,0,0,bam,gtf,nan,nan,hg19,--fr,yes
6908665856,6716734234,0,0,0,bam,gtf,nan,nan,hg19,--fr,yes
154501120,462,0,0,0,bam,nan,nan,nan,?,nan,no
154169344,462,0,0,0,bam,nan,nan,nan,?,nan,no
154038272,462,0,0,0,bam,nan,nan,nan,?,nan,no
154165248,462,0,0,0,bam,nan,nan,nan,?,nan,no
1933180928,1296723344,158314123,0,0,bam,gtf,nan,nan,hg19,nan,yes
1792598016,1307694293,158314123,0,0,bam,gtf,nan,nan,hg19,nan,yes
2209185792,1600549687,158314123,0,0,bam,gtf,nan,nan,hg19,nan,yes
2502197248,1842725699,158314123,0,0,bam,gtf,nan,nan,hg19,nan,yes
2203213824,1682188253,158314123,0,0,bam,gtf,nan,nan,hg19,nan,yes
2702262272,2171230976,158314123,0,0,bam,gtf,nan,nan,hg19,nan,yes
2354794496,1872358752,158314123,0,0,bam,gtf,nan,nan,hg19,nan,yes
2169200640,1710094898,158314123,0,0,bam,gtf,nan,nan,hg19,nan,yes
4869140480,3018160225,1528399347,0,0,bam,gff,nan,nan,?,nan,yes
21081817088,23159754123,0,0,0,bam,nan,nan,nan,triMan1,nan,no
3902337024,3685206343,0,0,0,bam,gtf,nan,nan,hg19,--fr,yes
4328488960,3887286824,0,0,0,bam,gtf,nan,nan,hg19,--fr,yes
3874406400,3525830752,0,0,0,bam,gtf,nan,nan,hg19,--fr,yes
3712520192,3381519552,0,0,0,bam,gtf,nan,nan,hg19,--fr,yes
4471267328,3018160225,1113425834,0,0,bam,gtf,nan,nan,hg38Patch11,nan,yes
4355600384,3539747033,1113425834,0,0,bam,gtf,nan,nan,hg38Patch11,nan,yes
3705036800,2972372866,1113425834,0,0,bam,gtf,nan,nan,hg38Patch11,nan,yes
5900939264,4022802836,1113425834,0,0,bam,gtf,nan,nan,hg38Patch11,nan,yes
5193060352,4442406363,1113425834,0,0,bam,gtf,nan,nan,hg38Patch11,nan,yes
4189007872,3018160225,240134695,0,0,bam,gtf,nan,nan,hg38Patch11,nan,yes
4465815552,3539747033,240134695,0,0,bam,gtf,nan,nan,hg38Patch11,nan,yes
4130091008,2972372866,240134695,0,0,bam,gtf,nan,nan,hg38Patch11,nan,yes
4954198016,4022802836,240134695,0,0,bam,gtf,nan,nan,hg38Patch11,nan,yes
1475665920,4442406363,240134695,0,0,bam,gtf,nan,nan,hg38Patch11,nan,yes
2819272704,2457157353,94926257,0,0,bam,gtf,nan,nan,mm10,nan,yes
5420109824,4442406363,240134695,0,0,bam,gtf,nan,nan,hg38Patch11,nan,yes
581808128,407555145,0,0,0,bam,nan,nan,nan,hg19,--fr,no
503103488,328980043,0,0,0,bam,nan,nan,nan,hg19,--fr,no
2876751872,2457157353,94926257,0,0,bam,gtf,nan,nan,mm10,nan,yes
1940824064,1296723344,158314123,0,0,bam,gtf,nan,nan,hg19,nan,yes
1939664896,1307694293,158314123,0,0,bam,gtf,nan,nan,hg19,nan,yes
2082254848,1600549687,158314123,0,0,bam,gtf,nan,nan,hg19,nan,yes
2341072896,1842725699,158314123,0,0,bam,gtf,nan,nan,hg19,nan,yes
1278259200,541607913,158314123,0,0,bam,gtf,nan,nan,hg19,--fr,yes
2167898112,1351992928,158314123,0,0,bam,gtf,nan,nan,hg19,--fr,yes
911888384,316621272,158314123,0,0,bam,gtf,nan,nan,hg19,--fr,yes
3529072640,2703812406,158314123,0,0,bam,gtf,nan,nan,hg19,--fr,yes
970973184,441520598,158314123,0,0,bam,gtf,nan,nan,hg19,--fr,yes
1355120640,698853551,158314123,0,0,bam,gtf,nan,nan,hg19,--fr,yes
983453696,449829588,158314123,0,0,bam,gtf,nan,nan,hg19,--fr,yes
2881884160,2182260909,158314123,0,0,bam,gtf,nan,nan,hg19,--fr,yes
3005071360,2449752676,158314123,0,0,bam,gtf,nan,nan,hg19,--fr,yes
1952534528,1274709967,158314123,0,0,bam,gtf,nan,nan,hg19,--fr,yes
3006386176,2146117032,158314123,0,0,bam,gtf,nan,nan,hg19,--fr,yes
1179365376,572447465,158314123,0,0,bam,gtf,nan,nan,hg19,--fr,yes
1284861952,671394761,158314123,0,0,bam,gtf,nan,nan,hg19,--fr,yes
1054351360,496059692,158314123,0,0,bam,gtf,nan,nan,hg19,--fr,yes
1236959232,659695019,158314123,0,0,bam,gtf,nan,nan,hg19,--fr,yes
1401942016,745933165,158314123,0,0,bam,gtf,nan,nan,hg19,--fr,yes
2747023360,2035282886,158314123,0,0,bam,gtf,nan,nan,hg19,--fr,yes
2295451648,1616973222,158314123,0,0,bam,gtf,nan,nan,hg19,--fr,yes
833720320,333988846,158314123,0,0,bam,gtf,nan,nan,hg19,--fr,yes
1194082304,594122253,158314123,0,0,bam,gtf,nan,nan,hg19,--fr,yes
1283784704,753803522,158314123,0,0,bam,gtf,nan,nan,hg19,--fr,yes
3074105344,2267392302,158314123,0,0,bam,gtf,nan,nan,hg19,--fr,yes
3011411968,2194090498,158314123,0,0,bam,gtf,nan,nan,hg19,--fr,yes
1880023040,1239853839,158314123,0,0,bam,gtf,nan,nan,hg19,--fr,yes
2673885184,2089291765,158314123,0,0,bam,gtf,nan,nan,hg19,--fr,yes
2732904448,1976533831,158314123,0,0,bam,gtf,nan,nan,hg19,--fr,yes
2685788160,1866182662,158314123,0,0,bam,gtf,nan,nan,hg19,--fr,yes
1680072704,1506410962,0,0,0,bam,nan,nan,nan,?,nan,no
221696000,1506410962,9863816,0,0,bam,gff3,nan,nan,?,nan,yes
1064689664,702278055,172843387,0,0,bam,gtf,nan,nan,galGal4,nan,yes
459563008,30936133,50754140,0,0,bam,gtf,nan,nan,hg19,nan,yes
1743302656,1145777682,151467494,0,0,bam,gtf,nan,nan,hg38Patch11,--rf,yes
2133389312,1542666936,151467494,0,0,bam,gtf,nan,nan,hg38Patch11,--rf,yes
1864400896,1437993192,151467494,0,0,bam,gtf,nan,nan,hg38Patch11,--rf,yes
2060845056,1466160701,151467494,0,0,bam,gtf,nan,nan,hg38Patch11,--rf,yes
1913057280,1509476052,151467494,0,0,bam,gtf,nan,nan,hg38Patch11,--rf,yes
2189271040,1764533083,151467494,0,0,bam,gtf,nan,nan,hg38Patch11,--rf,yes
2066870272,1635410358,151467494,0,0,bam,gtf,nan,nan,hg38Patch11,--rf,yes
2108481536,1680127338,151467494,0,0,bam,gtf,nan,nan,hg38Patch11,--rf,yes
1656942592,1229441581,151467494,0,0,bam,gtf,nan,nan,hg38Patch11,--rf,yes
2352377856,1924368623,151467494,0,0,bam,gtf,nan,nan,hg38Patch11,--rf,yes
2435469312,2046730528,151467494,0,0,bam,gtf,nan,nan,hg38Patch11,--rf,yes
1695342592,1274344763,151467494,0,0,bam,gtf,nan,nan,hg38Patch11,--rf,yes
2208509952,1779543149,151467494,0,0,bam,gtf,nan,nan,hg38Patch11,--rf,yes
1978183680,1546340912,151467494,0,0,bam,gtf,nan,nan,hg38Patch11,--rf,yes
1530650624,1084024138,151467494,0,0,bam,gtf,nan,nan,hg38Patch11,--rf,yes
1880735744,1438828335,151467494,0,0,bam,gtf,nan,nan,hg38Patch11,--rf,yes
1611722752,1414250854,9863816,0,0,bam,gff3,nan,nan,?,nan,yes
1550897152,1342341100,9863816,0,0,bam,gff3,nan,nan,?,nan,yes
1779486720,1570080323,9863816,0,0,bam,gff3,nan,nan,?,nan,yes
1480802304,1267054618,9863816,0,0,bam,gff3,nan,nan,?,nan,yes
2809659392,2182462349,280140409,0,0,bam,gtf,nan,nan,?,nan,yes
3365732352,2723799894,280140409,0,0,bam,gtf,nan,nan,?,nan,yes
3588952064,2956069272,280140409,0,0,bam,gtf,nan,nan,?,nan,yes
2966286336,2337720382,280140409,0,0,bam,gtf,nan,nan,?,nan,yes
4273074176,3646310144,280140409,0,0,bam,gtf,nan,nan,?,nan,yes
2886782976,2560799238,280140409,0,0,bam,gtf,nan,nan,?,nan,yes
3520413696,2884191231,280140409,0,0,bam,gtf,nan,nan,?,nan,yes
3243315200,2629905813,280140409,0,0,bam,gtf,nan,nan,?,nan,yes
2656534528,2182462349,58077962,0,0,bam,gtf,nan,nan,?,nan,yes
3220951040,2723799894,58077962,0,0,bam,gtf,nan,nan,?,nan,yes
3453239296,2956069272,58077962,0,0,bam,gtf,nan,nan,?,nan,yes
2776199168,2337720382,58077962,0,0,bam,gtf,nan,nan,?,nan,yes
4125040640,3646310144,58077962,0,0,bam,gtf,nan,nan,?,nan,yes
2969735168,2560799238,58077962,0,0,bam,gtf,nan,nan,?,nan,yes
3223736320,2884191231,58077962,0,0,bam,gtf,nan,nan,?,nan,yes
2650193920,2629905813,58077962,0,0,bam,gtf,nan,nan,?,nan,yes
181354496,586719536,0,0,0,bam,nan,nan,nan,?,nan,no
3477020672,3018160225,43487801,0,0,bam,gtf,nan,nan,hg38Patch11,nan,yes
4192727040,3018160225,240134695,0,0,bam,gtf,nan,nan,hg38Patch11,nan,yes
5324423168,3018160225,1528399347,0,0,bam,gtf,nan,nan,?,nan,yes
4022788096,3679590089,0,0,0,bam,gtf,nan,nan,hg19,nan,yes
4231061504,3551136006,0,0,0,bam,gtf,nan,nan,hg19,nan,yes
3772399616,3391478204,0,0,0,bam,gtf,nan,nan,hg19,nan,yes
4084424704,3629429420,0,0,0,bam,gtf,nan,nan,hg19,nan,yes
3708116992,3417001793,0,0,0,bam,gtf,nan,nan,hg19,nan,yes
2255171584,3399236202,0,0,0,bam,gtf,nan,nan,hg19,nan,yes
2357481472,1682188253,158314123,0,0,bam,gtf,nan,nan,hg19,nan,yes
2830974976,2171230976,158314123,0,0,bam,gtf,nan,nan,hg19,nan,yes
2376802304,1872358752,158314123,0,0,bam,gtf,nan,nan,hg19,nan,yes
2070130688,1710094898,158314123,0,0,bam,gtf,nan,nan,hg19,nan,yes
419291136,136433489,63265093,0,0,bam,gtf,nan,nan,?,--rf,yes
375042048,86255851,63265093,0,0,bam,gtf,nan,nan,?,--rf,yes
470069248,257472704,63265093,0,0,bam,gtf,nan,nan,?,--rf,yes
530505728,246794599,63265093,0,0,bam,gtf,nan,nan,?,--rf,yes
496959488,290257275,63265093,0,0,bam,gtf,nan,nan,?,--rf,yes
316461056,91128768,63265093,0,0,bam,gtf,nan,nan,?,--rf,yes
377393152,165656556,63265093,0,0,bam,gtf,nan,nan,?,--rf,yes
372334592,159692376,63265093,0,0,bam,gtf,nan,nan,?,--rf,yes
402337792,185995064,63265093,0,0,bam,gtf,nan,nan,?,--rf,yes
390197248,183222511,63265093,0,0,bam,gtf,nan,nan,?,--rf,yes
433885184,227651345,63265093,0,0,bam,gtf,nan,nan,?,--rf,yes
392441856,173420547,63265093,0,0,bam,gtf,nan,nan,?,--rf,yes
383320064,166367953,63265093,0,0,bam,gtf,nan,nan,?,--rf,yes
4974612480,2876960514,1175571066,0,0,bam,gtf,nan,nan,hg19,nan,yes
2320076800,425655522,1144445941,0,0,bam,gtf,nan,nan,hg38Patch11,nan,yes
2331983872,400813250,1144445941,0,0,bam,gtf,nan,nan,hg38Patch11,nan,yes
1201557504,407744162,1144445941,0,0,bam,gtf,nan,nan,hg38Patch11,nan,yes
1145487360,398799969,1144445941,0,0,bam,gtf,nan,nan,hg38Patch11,nan,yes
2340782080,435406813,1144445941,0,0,bam,gtf,nan,nan,hg38Patch11,nan,yes
1164570624,387204003,1144445941,0,0,bam,gtf,nan,nan,hg38Patch11,nan,yes
2344132608,424891013,1144445941,0,0,bam,gtf,nan,nan,hg38Patch11,nan,yes
1202425856,412994610,1144445941,0,0,bam,gtf,nan,nan,hg38Patch11,nan,yes
1182535680,411308086,1144445941,0,0,bam,gtf,nan,nan,hg38Patch11,nan,yes
2476929024,547072724,1144445941,0,0,bam,gtf,nan,nan,hg38Patch11,nan,yes
2295910400,386505641,1144445941,0,0,bam,gtf,nan,nan,hg38Patch11,nan,yes
2451628032,543647068,1144445941,0,0,bam,gtf,nan,nan,hg38Patch11,nan,yes
2319966208,399885054,1144445941,0,0,bam,gtf,nan,nan,hg38Patch11,nan,yes
2413441024,502947333,1144445941,0,0,bam,gtf,nan,nan,hg38Patch11,nan,yes
2308198400,388027287,1144445941,0,0,bam,gtf,nan,nan,hg38Patch11,nan,yes
2477629440,573997117,1144445941,0,0,bam,gtf,nan,nan,hg38Patch11,nan,yes
2397241344,473490273,1144445941,0,0,bam,gtf,nan,nan,hg38Patch11,nan,yes
2373038080,447446188,1144445941,0,0,bam,gtf,nan,nan,hg38Patch11,nan,yes
2359885824,456581457,1144445941,0,0,bam,gtf,nan,nan,hg38Patch11,nan,yes
2351087616,442164728,1144445941,0,0,bam,gtf,nan,nan,hg38Patch11,nan,yes
2411008000,485186297,1144445941,0,0,bam,gtf,nan,nan,hg38Patch11,nan,yes
2307158016,429312100,1144445941,0,0,bam,gtf,nan,nan,hg38Patch11,nan,yes
1256329216,476296882,1144445941,0,0,bam,gtf,nan,nan,hg38Patch11,nan,yes
2380238848,456870196,1144445941,0,0,bam,gtf,nan,nan,hg38Patch11,nan,yes
1218306048,428539957,1144445941,0,0,bam,gtf,nan,nan,hg38Patch11,nan,yes
1172979712,407127663,1144445941,0,0,bam,gtf,nan,nan,hg38Patch11,nan,yes
1179660288,413868358,1144445941,0,0,bam,gtf,nan,nan,hg38Patch11,nan,yes
2318667776,403828164,1144445941,0,0,bam,gtf,nan,nan,hg38Patch11,nan,yes
1228673024,447952590,1144445941,0,0,bam,gtf,nan,nan,hg38Patch11,nan,yes
1155948544,403789533,1144445941,0,0,bam,gtf,nan,nan,hg38Patch11,nan,yes
1206165504,441047509,1144445941,0,0,bam,gtf,nan,nan,hg38Patch11,nan,yes
1167740928,423017882,1144445941,0,0,bam,gtf,nan,nan,hg38Patch11,nan,yes
2323173376,421870468,1144445941,0,0,bam,gtf,nan,nan,hg38Patch11,nan,yes
1149345792,383980530,1144445941,0,0,bam,gtf,nan,nan,hg38Patch11,nan,yes
1131278336,412014063,1144445941,0,0,bam,gtf,nan,nan,hg38Patch11,nan,yes
1153363968,371211524,1144445941,0,0,bam,gtf,nan,nan,hg38Patch11,nan,yes
1132748800,408131883,1144445941,0,0,bam,gtf,nan,nan,hg38Patch11,nan,yes
1145028608,391275047,1144445941,0,0,bam,gtf,nan,nan,hg38Patch11,nan,yes
1223589888,438122613,1144445941,0,0,bam,gtf,nan,nan,hg38Patch11,nan,yes
2275274752,365360314,1144445941,0,0,bam,gtf,nan,nan,hg38Patch11,nan,yes
1217470464,444343204,1144445941,0,0,bam,gtf,nan,nan,hg38Patch11,nan,yes
2249220096,390010684,1144445941,0,0,bam,gtf,nan,nan,hg38Patch11,nan,yes
1177841664,431060194,1144445941,0,0,bam,gtf,nan,nan,hg38Patch11,nan,yes
1133735936,378494599,1144445941,0,0,bam,gtf,nan,nan,hg38Patch11,nan,yes
1117356032,394058815,1144445941,0,0,bam,gtf,nan,nan,hg38Patch11,nan,yes
1156919296,386536683,1144445941,0,0,bam,gtf,nan,nan,hg38Patch11,nan,yes
2362019840,462842381,1144445941,0,0,bam,gtf,nan,nan,hg38Patch11,nan,yes
1112178688,352143439,1144445941,0,0,bam,gtf,nan,nan,hg38Patch11,nan,yes
5407375360,3291721469,1175571066,0,0,bam,gtf,nan,nan,hg19,nan,yes
4525744128,2837835169,1175571066,0,0,bam,gtf,nan,nan,hg19,nan,yes
4372058112,3858826638,1175571066,0,0,bam,gtf,nan,nan,hg19,nan,yes
9172860928,6900623159,399233074,0,0,bam,gff3,nan,nan,hg38,nan,yes
154456064,468,0,0,0,bam,nan,nan,nan,?,nan,no
151412736,468,0,0,0,bam,nan,nan,nan,?,nan,no
13003882496,14897853572,399233074,0,0,bam,gff3,nan,nan,hg38,nan,yes
6158938112,4195166912,1175571066,0,0,bam,gtf,nan,nan,hg19,nan,yes
4008022016,2876960514,257809505,0,0,bam,gtf,nan,nan,hg19,nan,yes
1684779008,1065757807,280140409,0,0,bam,gtf,nan,nan,?,nan,yes
1588256768,942406203,280140409,0,0,bam,gtf,nan,nan,?,nan,yes
1716785152,1107493438,280140409,0,0,bam,gtf,nan,nan,?,nan,yes
1517867008,938744419,280140409,0,0,bam,gtf,nan,nan,?,nan,yes
1970266112,1362268363,280140409,0,0,bam,gtf,nan,nan,?,nan,yes
1604784128,1248590541,280140409,0,0,bam,gtf,nan,nan,?,nan,yes
1835831296,1211865636,280140409,0,0,bam,gtf,nan,nan,?,nan,yes
1612914688,1273101791,280140409,0,0,bam,gtf,nan,nan,?,nan,yes
1838034944,1478362905,280140409,0,0,bam,gtf,nan,nan,?,nan,yes
1431490560,1078881636,280140409,0,0,bam,gtf,nan,nan,?,nan,yes
1265496064,899390012,280140409,0,0,bam,gtf,nan,nan,?,nan,yes
1621655552,1256703475,280140409,0,0,bam,gtf,nan,nan,?,nan,yes
5369323520,3291721469,1175571066,0,0,bam,gtf,nan,nan,hg19,nan,yes
4464947200,3291721469,257809505,0,0,bam,gtf,nan,nan,hg19,nan,yes
4017790976,2837835169,257809505,0,0,bam,gtf,nan,nan,hg19,nan,yes
5128560640,3858826638,257809505,0,0,bam,gtf,nan,nan,hg19,nan,yes
5310558208,4195166912,257809505,0,0,bam,gtf,nan,nan,hg19,nan,yes
4624285696,4700012683,63265093,0,0,bam,gtf,nan,nan,?,nan,yes
5256212480,4919623463,63265093,0,0,bam,gtf,nan,nan,?,nan,yes
5903740928,5581334956,63265093,0,0,bam,gtf,nan,nan,?,nan,yes
153157632,988,0,0,0,bam,nan,nan,nan,?,nan,no
151969792,1137,0,0,0,bam,nan,nan,nan,?,nan,no
257441792,80624609,0,0,0,bam,nan,nan,nan,?,nan,no
220274688,48511697,0,0,0,bam,nan,nan,nan,?,nan,no
4675239936,4799487636,63265093,0,0,bam,gtf,nan,nan,?,nan,yes
5301473280,4960985113,63265093,0,0,bam,gtf,nan,nan,?,nan,yes
306741248,68264982,55620186,0,0,bam,gff3,nan,nan,fol,nan,yes
2900160512,2661632737,0,0,0,bam,nan,nan,nan,?,nan,no
2926366720,2691675137,0,0,0,bam,nan,nan,nan,?,nan,no
2948030464,2786564463,0,0,0,bam,nan,nan,nan,?,nan,no
3146997760,2910543864,0,0,0,bam,nan,nan,nan,?,nan,no
2814373888,2582975614,0,0,0,bam,nan,nan,nan,?,nan,no
2758238208,2638146693,0,0,0,bam,nan,nan,nan,?,nan,no
2923692032,2708758153,0,0,0,bam,nan,nan,nan,?,nan,no
2836877312,2605592200,0,0,0,bam,nan,nan,nan,?,nan,no
2935754752,2702113454,0,0,0,bam,nan,nan,nan,?,nan,no
2877698048,2648772733,0,0,0,bam,nan,nan,nan,?,nan,no
2829180928,2602065734,0,0,0,bam,nan,nan,nan,?,nan,no
2920402944,2689507666,0,0,0,bam,nan,nan,nan,?,nan,no
2942554112,2707068436,0,0,0,bam,nan,nan,nan,?,nan,no
2841604096,2611307683,0,0,0,bam,nan,nan,nan,?,nan,no
2936279040,2763373472,0,0,0,bam,nan,nan,nan,?,nan,no
2876133376,2641618650,0,0,0,bam,nan,nan,nan,?,nan,no
2988941312,2749154120,0,0,0,bam,nan,nan,nan,?,nan,no
2843578368,2609597432,0,0,0,bam,nan,nan,nan,?,nan,no
2875629568,2662814250,0,0,0,bam,nan,nan,nan,?,nan,no
2861338624,2627196908,0,0,0,bam,nan,nan,nan,?,nan,no
2788515840,2632127233,0,0,0,bam,nan,nan,nan,?,nan,no
2879303680,2646984705,0,0,0,bam,nan,nan,nan,?,nan,no
2713706496,2487087391,0,0,0,bam,nan,nan,nan,?,nan,no
2652286976,2467862316,0,0,0,bam,nan,nan,nan,?,nan,no
788455424,586110197,0,0,0,bam,nan,nan,nan,?,nan,no
653996032,459241285,0,0,0,bam,nan,nan,nan,?,nan,no
2742308864,2508832599,0,0,0,bam,nan,nan,nan,?,nan,no
2721058816,2525127057,0,0,0,bam,nan,nan,nan,?,nan,no
2865049600,2703903733,0,0,0,bam,nan,nan,nan,?,nan,no
2829750272,2652646854,0,0,0,bam,nan,nan,nan,?,nan,no
2638082048,2643884046,0,0,0,bam,nan,nan,nan,?,nan,no
2901286912,2685444668,0,0,0,bam,nan,nan,nan,?,nan,no
2856632320,2616542184,0,0,0,bam,nan,nan,nan,?,nan,no
2891800576,2655567769,0,0,0,bam,nan,nan,nan,?,nan,no
2840416256,2749621719,0,0,0,bam,nan,nan,nan,?,nan,no
2934890496,2745989699,0,0,0,bam,nan,nan,nan,?,nan,no
3010572288,2774035548,0,0,0,bam,nan,nan,nan,?,nan,no
2873470976,2742810393,0,0,0,bam,nan,nan,nan,?,nan,no
2965741568,2730960919,0,0,0,bam,nan,nan,nan,?,nan,no
2991816704,2909053400,0,0,0,bam,nan,nan,nan,?,nan,no
2965856256,2808046246,0,0,0,bam,nan,nan,nan,?,nan,no
2902454272,2723763551,0,0,0,bam,nan,nan,nan,?,nan,no
2989809664,2752222112,0,0,0,bam,nan,nan,nan,?,nan,no
3028221952,2791964534,0,0,0,bam,nan,nan,nan,?,nan,no
3046801408,2808543768,0,0,0,bam,nan,nan,nan,?,nan,no
3052511232,2834620298,0,0,0,bam,nan,nan,nan,?,nan,no
2980147200,2875783502,0,0,0,bam,nan,nan,nan,?,nan,no
3046211584,2826641498,0,0,0,bam,nan,nan,nan,?,nan,no
3106889728,2870220393,0,0,0,bam,nan,nan,nan,?,nan,no
3075309568,2841182290,0,0,0,bam,nan,nan,nan,?,nan,no
3040284672,2800576215,0,0,0,bam,nan,nan,nan,?,nan,no
2901196800,2762060273,0,0,0,bam,nan,nan,nan,?,nan,no
2745470976,2596729089,0,0,0,bam,nan,nan,nan,?,nan,no
3026751488,2806115990,0,0,0,bam,nan,nan,nan,?,nan,no
1557987328,1065757807,57886999,0,0,bam,gtf,nan,nan,?,nan,yes
1433112576,942406203,57886999,0,0,bam,gtf,nan,nan,?,nan,yes
1516941312,1107493438,57886999,0,0,bam,gtf,nan,nan,?,nan,yes
1429766144,938744419,57886999,0,0,bam,gtf,nan,nan,?,nan,yes
1849696256,1362268363,57886999,0,0,bam,gtf,nan,nan,?,nan,yes
1662910464,1248590541,57886999,0,0,bam,gtf,nan,nan,?,nan,yes
1705418752,1211865636,57886999,0,0,bam,gtf,nan,nan,?,nan,yes
1764761600,1273101791,57886999,0,0,bam,gtf,nan,nan,?,nan,yes
1913118720,1478362905,57886999,0,0,bam,gtf,nan,nan,?,nan,yes
1509281792,1078881636,57886999,0,0,bam,gtf,nan,nan,?,nan,yes
1348812800,899390012,57886999,0,0,bam,gtf,nan,nan,?,nan,yes
1692934144,1256703475,57886999,0,0,bam,gtf,nan,nan,?,nan,yes
1736470528,1065761098,280140409,0,0,bam,gtf,nan,nan,?,nan,yes
1735655424,1107493030,280140409,0,0,bam,gtf,nan,nan,?,nan,yes
1997189120,1362268467,280140409,0,0,bam,gtf,nan,nan,?,nan,yes
1544736768,899390054,280140409,0,0,bam,gtf,nan,nan,?,nan,yes
2089570304,1437683823,280140409,0,0,bam,gtf,nan,nan,?,nan,yes
1751224320,1117844655,280140409,0,0,bam,gtf,nan,nan,?,nan,yes
2027876352,1387418498,280140409,0,0,bam,gtf,nan,nan,?,nan,yes
1477742592,850359329,280140409,0,0,bam,gtf,nan,nan,?,nan,yes
1557286912,1065761098,57809245,0,0,bam,gtf,nan,nan,?,nan,yes
1600684032,1107493030,57809245,0,0,bam,gtf,nan,nan,?,nan,yes
1796911104,1362268467,57809245,0,0,bam,gtf,nan,nan,?,nan,yes
1331953664,899390054,57809245,0,0,bam,gtf,nan,nan,?,nan,yes
1873375232,1437683823,57809245,0,0,bam,gtf,nan,nan,?,nan,yes
1551884288,1117844655,57809245,0,0,bam,gtf,nan,nan,?,nan,yes
1879433216,1387418498,57809245,0,0,bam,gtf,nan,nan,?,nan,yes
1282396160,850359329,57809245,0,0,bam,gtf,nan,nan,?,nan,yes
3347537920,1291216777,1302884575,0,0,bam,gtf,nan,nan,hg38,--fr,yes
3295789056,1211676483,1302884575,0,0,bam,gtf,nan,nan,hg38,--fr,yes
3687415808,1624456245,1302884575,0,0,bam,gtf,nan,nan,hg38,--fr,yes
3336560640,1461300466,1302884575,0,0,bam,gtf,nan,nan,hg38,--fr,yes
2338766848,1416578168,1302884575,0,0,bam,gtf,nan,nan,hg38,--fr,yes
2211057664,1450787994,1302884575,0,0,bam,gtf,nan,nan,hg38,--fr,yes
3422416896,1464309534,1302884575,0,0,bam,gtf,nan,nan,hg38,--fr,yes
2112196608,1368258037,1302884575,0,0,bam,gtf,nan,nan,hg38,--fr,yes
3516157952,1416447821,1302884575,0,0,bam,gtf,nan,nan,hg38,--fr,yes
3212550144,1198079780,1302884575,0,0,bam,gtf,nan,nan,hg38,--fr,yes
2818662400,2580547009,0,0,0,bam,nan,nan,nan,?,nan,no
2353315840,2127668914,0,0,0,bam,nan,nan,nan,?,nan,no
999542784,600305080,92382491,0,0,bam,gtf,nan,nan,mm9,nan,yes
326213632,172412199,0,0,0,bam,nan,nan,nan,vicPac1,nan,no
276914176,122384133,0,0,0,bam,nan,nan,nan,mm10,nan,no
160546816,8102628,0,0,0,bam,nan,nan,nan,mm10,nan,no
356532224,203853161,0,0,0,bam,nan,nan,nan,mm10,nan,no
1186201600,337708323,238695801,0,0,bam,gtf,nan,nan,hg38,nan,yes
1133006848,278960369,238695801,0,0,bam,gtf,nan,nan,hg38,nan,yes
874393600,301647553,238695801,0,0,bam,gtf,nan,nan,hg38,nan,yes
728219648,7221,238695801,0,0,bam,gtf,nan,nan,hg38,nan,yes
728539136,7221,238695801,0,0,bam,gtf,nan,nan,hg38,nan,yes
488828928,7221,238695801,0,0,bam,gtf,nan,nan,hg38,nan,yes
1717067776,250095379,399233074,0,0,bam,gff3,nan,nan,hg38,nan,yes
1023287296,823551598,0,0,0,bam,nan,nan,nan,loxAfr3,nan,no
1077309440,876246772,0,0,0,bam,nan,nan,nan,loxAfr3,nan,no
1044369408,843994977,0,0,0,bam,nan,nan,nan,loxAfr3,nan,no
1071120384,875461660,0,0,0,bam,nan,nan,nan,loxAfr3,nan,no
1040203776,845488918,0,0,0,bam,nan,nan,nan,loxAfr3,nan,no
1124556800,923163065,0,0,0,bam,nan,nan,nan,loxAfr3,nan,no
1032241152,830843387,0,0,0,bam,nan,nan,nan,loxAfr3,nan,no
1034960896,833792486,0,0,0,bam,nan,nan,nan,loxAfr3,nan,no
1057955840,858095326,0,0,0,bam,nan,nan,nan,loxAfr3,nan,no
995004416,798019229,0,0,0,bam,nan,nan,nan,loxAfr3,nan,no
1036292096,843110516,0,0,0,bam,nan,nan,nan,loxAfr3,nan,no
1065689088,863285845,0,0,0,bam,nan,nan,nan,loxAfr3,nan,no
2271498240,2068430392,0,0,0,bam,nan,nan,nan,loxAfr3,nan,no
7991422976,7756822688,0,0,0,bam,nan,nan,nan,loxAfr3,nan,no
10444038144,14593509177,0,0,0,bam,nan,nan,nan,loxAfr3,nan,no
2571153408,2042038970,200620119,0,0,bam,gff3,nan,nan,EG_WGS,nan,yes
2387075072,1979465087,200620119,0,0,bam,gff3,nan,nan,EG_WGS,nan,yes
404684800,131119894,63265093,0,0,bam,gtf,nan,nan,?,--rf,yes
363970560,84845540,63265093,0,0,bam,gtf,nan,nan,?,--rf,yes
508690432,299877076,63265093,0,0,bam,gtf,nan,nan,?,--rf,yes
556302336,280161822,63265093,0,0,bam,gtf,nan,nan,?,--rf,yes
645787648,362085502,63265093,0,0,bam,gtf,nan,nan,?,--rf,yes
4291837952,3646315390,280140258,0,0,bam,gtf,nan,nan,rn6,nan,yes
2644840448,2560793355,280140258,0,0,bam,gtf,nan,nan,rn6,nan,yes
3503861760,2884192599,280140258,0,0,bam,gtf,nan,nan,rn6,nan,yes
3251650560,2629886286,280140258,0,0,bam,gtf,nan,nan,rn6,nan,yes
391233536,109292722,63265093,0,0,bam,gtf,nan,nan,?,--rf,yes
442355712,174039703,63265093,0,0,bam,gtf,nan,nan,?,--rf,yes
436510720,155686226,63265093,0,0,bam,gtf,nan,nan,?,--rf,yes
406429696,196187744,63265093,0,0,bam,gtf,nan,nan,?,--rf,yes
398528512,181049362,63265093,0,0,bam,gtf,nan,nan,?,--rf,yes
386592768,242826894,63265093,0,0,bam,gtf,nan,nan,?,--rf,yes
446087168,171306897,63265093,0,0,bam,gtf,nan,nan,?,--rf,yes
416559104,155686226,63265093,0,0,bam,gtf,nan,nan,?,--rf,yes
468787200,196187744,63265093,0,0,bam,gtf,nan,nan,?,--rf,yes
444411904,163828566,63265093,0,0,bam,gtf,nan,nan,?,--rf,yes
248795136,59153962,63265093,0,0,bam,gtf,nan,nan,vicPac1,--rf,yes
509911040,231080089,63265093,0,0,bam,gtf,nan,nan,?,--rf,yes
490168320,219728556,63265093,0,0,bam,gtf,nan,nan,?,--rf,yes
566816768,293379826,63265093,0,0,bam,gtf,nan,nan,?,--rf,yes
324345856,106512612,63265093,0,0,bam,gtf,nan,nan,?,--rf,yes
435326976,162046569,63265093,0,0,bam,gtf,nan,nan,?,--rf,yes
356929536,147690879,63265093,0,0,bam,gtf,nan,nan,?,--rf,yes
452018176,184482365,63265093,0,0,bam,gtf,nan,nan,?,--rf,yes
381284352,170758789,63265093,0,0,bam,gtf,nan,nan,?,--rf,yes
432451584,224805689,63265093,0,0,bam,gtf,nan,nan,?,--rf,yes
437268480,160515913,63265093,0,0,bam,gtf,nan,nan,?,--rf,yes
373108736,164752565,63265093,0,0,bam,gtf,nan,nan,?,--rf,yes
387780608,181049362,63265093,0,0,bam,gtf,nan,nan,?,--rf,yes
517570560,242826894,63265093,0,0,bam,gtf,nan,nan,?,--rf,yes
382431232,171306897,63265093,0,0,bam,gtf,nan,nan,?,--rf,yes
391282688,175511629,63265093,0,0,bam,gtf,nan,nan,?,--rf,yes
5021093888,4673303761,0,0,0,bam,nan,nan,nan,?,--fr,no
8772354048,8315366247,0,0,0,bam,nan,nan,nan,?,--fr,no
6298636288,6294851535,0,0,0,bam,nan,nan,nan,?,--fr,no
1111953408,918970226,0,0,0,bam,nan,nan,nan,Homo_sapiens_nuHg19_mtrCRS,--fr,no
1449832448,1256746887,0,0,0,bam,nan,nan,nan,?,--fr,no
1023037440,832597092,0,0,0,bam,nan,nan,nan,?,--fr,no
1529815040,1350352272,0,0,0,bam,nan,nan,nan,?,--fr,no
1070006272,891444706,0,0,0,bam,nan,nan,nan,?,--fr,no
1152614400,955896020,0,0,0,bam,nan,nan,nan,?,--fr,no
1199996928,1005851509,0,0,0,bam,nan,nan,nan,?,--fr,no
1205161984,1011527468,0,0,0,bam,nan,nan,nan,?,--fr,no
1005178880,815944034,0,0,0,bam,nan,nan,nan,?,--fr,no
1481371648,1281950216,0,0,0,bam,nan,nan,nan,Homo_sapiens_nuHg19_mtrCRS,--fr,no
14527606784,13924400458,0,0,0,bam,nan,nan,nan,hg19,nan,no
5475078144,4195166912,257809505,0,0,bam,gtf,nan,nan,hg19,nan,yes
1371381760,1204181827,0,0,0,bam,nan,nan,nan,mm10,nan,no
1464283136,1261270311,0,0,0,bam,nan,nan,nan,mm10,nan,no
1410813952,1208775273,0,0,0,bam,nan,nan,nan,mm10,nan,no
1549611008,1345023352,0,0,0,bam,nan,nan,nan,mm10,nan,no
1668075520,1463184439,0,0,0,bam,nan,nan,nan,mm10,nan,no
1441558528,1235233589,0,0,0,bam,nan,nan,nan,mm10,nan,no
2925322240,2428035722,200620119,0,0,bam,gff3,nan,nan,EG_WGS,nan,yes
2603708416,2341687880,200620119,0,0,bam,gff3,nan,nan,EG_WGS,nan,yes
1856638976,823551598,126539168,0,0,bam,gtf,nan,nan,loxAfr3,nan,yes
2038906880,876246772,126539168,0,0,bam,gtf,nan,nan,loxAfr3,nan,yes
2007138304,843994977,126539168,0,0,bam,gtf,nan,nan,loxAfr3,nan,yes
2027446272,875461660,126539168,0,0,bam,gtf,nan,nan,loxAfr3,nan,yes
1875529728,845488918,126539168,0,0,bam,gtf,nan,nan,loxAfr3,nan,yes
2630041600,2428035722,0,0,0,bam,nan,nan,nan,EG_WGS,nan,no
2546634752,2341687880,0,0,0,bam,nan,nan,nan,EG_WGS,nan,no
3589472256,1463952526,1323302846,0,0,bam,gff3,nan,nan,hg38,nan,yes
2192719872,1369115439,1323302846,0,0,bam,gff3,nan,nan,hg38,nan,yes
3394396160,1253300485,1323302846,0,0,bam,gff3,nan,nan,hg38,nan,yes
2122063872,1474321855,1323302846,0,0,bam,gff3,nan,nan,hg38,nan,yes
3381342208,1232458471,1323302846,0,0,bam,gff3,nan,nan,hg38,nan,yes
3300917248,1252922225,1323302846,0,0,bam,gff3,nan,nan,hg38,nan,yes
2807750656,1590503951,1323302846,0,0,bam,gff3,nan,nan,hg38,nan,yes
3597639680,1446555602,1323302846,0,0,bam,gff3,nan,nan,hg38,nan,yes
3198660608,1275830674,1323302846,0,0,bam,gff3,nan,nan,hg38,nan,yes
3554381824,1507280258,1323302846,0,0,bam,gff3,nan,nan,hg38,nan,yes
2044076032,1210994774,1323302846,0,0,bam,gff3,nan,nan,hg38,nan,yes
3360628736,1263043028,1323302846,0,0,bam,gff3,nan,nan,hg38,nan,yes
3737849856,1624864622,1323302846,0,0,bam,gff3,nan,nan,hg38,nan,yes
3030822912,929756695,1323302846,0,0,bam,gff3,nan,nan,hg38,nan,yes
3322912768,1283483193,1323302846,0,0,bam,gff3,nan,nan,hg38,nan,yes
3104718848,1462001839,1323302846,0,0,bam,gff3,nan,nan,hg38,nan,yes
1955422208,1158045171,1323302846,0,0,bam,gff3,nan,nan,hg38,nan,yes
3611189248,1532402080,1323302846,0,0,bam,gff3,nan,nan,hg38,nan,yes
1982156800,1211289431,1323302846,0,0,bam,gff3,nan,nan,hg38,nan,yes
2040737792,1291825760,1323302846,0,0,bam,gff3,nan,nan,hg38,nan,yes
2232127488,1415121244,1323302846,0,0,bam,gff3,nan,nan,hg38,nan,yes
3594911744,1463589704,1323302846,0,0,bam,gff3,nan,nan,hg38,nan,yes
2174500864,1362833818,1323302846,0,0,bam,gff3,nan,nan,hg38,nan,yes
2070462464,1288504661,1323302846,0,0,bam,gff3,nan,nan,hg38,nan,yes
2084638720,1316668959,1323302846,0,0,bam,gff3,nan,nan,hg38,nan,yes
3480666112,1340496499,1323302846,0,0,bam,gff3,nan,nan,hg38,nan,yes
2196299776,1416118091,1323302846,0,0,bam,gff3,nan,nan,hg38,nan,yes
2138292224,1368159798,1323302846,0,0,bam,gff3,nan,nan,hg38,nan,yes
2262921216,1450619907,1323302846,0,0,bam,gff3,nan,nan,hg38,nan,yes
1945333760,1199383830,1323302846,0,0,bam,gff3,nan,nan,hg38,nan,yes
4156833792,2636789230,561082307,0,0,bam,gff3,nan,nan,?,nan,yes
4393754624,2656666164,561082307,0,0,bam,gff3,nan,nan,?,nan,yes
2280935424,1463952526,1323302846,0,0,bam,gff3,nan,nan,hg38,nan,yes
2152349696,1369115439,1323302846,0,0,bam,gff3,nan,nan,hg38,nan,yes
796221440,1253300485,1323302846,0,0,bam,gff3,nan,nan,hg38,nan,yes
2215464960,1474321855,1323302846,0,0,bam,gff3,nan,nan,hg38,nan,yes
2018340864,1232458471,1323302846,0,0,bam,gff3,nan,nan,hg38,nan,yes
2050580480,1252922225,1323302846,0,0,bam,gff3,nan,nan,hg38,nan,yes
2283163648,1590503951,1323302846,0,0,bam,gff3,nan,nan,hg38,nan,yes
2258427904,1446555602,1323302846,0,0,bam,gff3,nan,nan,hg38,nan,yes
2060451840,1275830674,1323302846,0,0,bam,gff3,nan,nan,hg38,nan,yes
814370816,1507280258,1323302846,0,0,bam,gff3,nan,nan,hg38,nan,yes
1995661312,1210994774,1323302846,0,0,bam,gff3,nan,nan,hg38,nan,yes
2045251584,1263043028,1323302846,0,0,bam,gff3,nan,nan,hg38,nan,yes
840769536,1624864622,1323302846,0,0,bam,gff3,nan,nan,hg38,nan,yes
1701519360,929756695,1323302846,0,0,bam,gff3,nan,nan,hg38,nan,yes
836710400,1283483193,1323302846,0,0,bam,gff3,nan,nan,hg38,nan,yes
2233610240,1462001839,1323302846,0,0,bam,gff3,nan,nan,hg38,nan,yes
1954230272,1158045171,1323302846,0,0,bam,gff3,nan,nan,hg38,nan,yes
2300403712,1532402080,1323302846,0,0,bam,gff3,nan,nan,hg38,nan,yes
772038656,1211289431,1323302846,0,0,bam,gff3,nan,nan,hg38,nan,yes
766054400,1291825760,1323302846,0,0,bam,gff3,nan,nan,hg38,nan,yes
853458944,1415121244,1323302846,0,0,bam,gff3,nan,nan,hg38,nan,yes
2270695424,1463589704,1323302846,0,0,bam,gff3,nan,nan,hg38,nan,yes
2176774144,1362833818,1323302846,0,0,bam,gff3,nan,nan,hg38,nan,yes
2053251072,1288504661,1323302846,0,0,bam,gff3,nan,nan,hg38,nan,yes
758640640,1316668959,1323302846,0,0,bam,gff3,nan,nan,hg38,nan,yes
1907560448,1340496499,1323302846,0,0,bam,gff3,nan,nan,hg38,nan,yes
2160435200,1416118091,1323302846,0,0,bam,gff3,nan,nan,hg38,nan,yes
2142445568,1368159798,1323302846,0,0,bam,gff3,nan,nan,hg38,nan,yes
2248257536,1450619907,1323302846,0,0,bam,gff3,nan,nan,hg38,nan,yes
1953464320,1199383830,1323302846,0,0,bam,gff3,nan,nan,hg38,nan,yes
2988863488,4673303761,0,0,0,bam,nan,nan,nan,?,nan,no
7107977216,8315366247,0,0,0,bam,nan,nan,nan,?,nan,no
6509563904,6294851535,0,0,0,bam,nan,nan,nan,?,nan,no
1109446656,918970226,0,0,0,bam,nan,nan,nan,Homo_sapiens_nuHg19_mtrCRS,nan,no
1452752896,1256746887,0,0,0,bam,nan,nan,nan,?,nan,no
1018085376,832597092,0,0,0,bam,nan,nan,nan,?,nan,no
1546330112,1350352272,0,0,0,bam,nan,nan,nan,?,nan,no
1084399616,891444706,0,0,0,bam,nan,nan,nan,?,nan,no
1147420672,955896020,0,0,0,bam,nan,nan,nan,?,nan,no
1163317248,1005851509,0,0,0,bam,nan,nan,nan,?,nan,no
1199439872,1011527468,0,0,0,bam,nan,nan,nan,?,nan,no
1004380160,815944034,0,0,0,bam,nan,nan,nan,?,nan,no
13966589952,15073904842,0,0,0,bam,nan,nan,nan,?,nan,no
1430200320,1281950216,0,0,0,bam,nan,nan,nan,Homo_sapiens_nuHg19_mtrCRS,nan,no
10435543040,12086983998,0,0,0,bam,nan,nan,nan,hg19,nan,no
13274226688,13924400458,0,0,0,bam,nan,nan,nan,hg19,nan,no
6810324992,6125017806,146550299,0,0,bam,gff3,nan,nan,rn6,nan,yes
2480271360,2065492450,0,0,0,bam,nan,nan,nan,?,nan,no
4139163648,2636789230,561082307,0,0,bam,gff3,nan,nan,?,--fr,yes
4381712384,2656666164,561082307,0,0,bam,gff3,nan,nan,?,--fr,yes
4582948864,2765227178,561082307,0,0,bam,gff3,nan,nan,?,--fr,yes
3697270784,2172706330,561082307,0,0,bam,gff3,nan,nan,?,--fr,yes
3738935296,2065492450,561082307,0,0,bam,gff3,nan,nan,?,--fr,yes
4338999296,2550602159,561082307,0,0,bam,gff3,nan,nan,?,--fr,yes
6459899904,5113470255,561082307,0,0,bam,gff3,nan,nan,?,--fr,yes
5958930432,5135543568,561082307,0,0,bam,gff3,nan,nan,?,--fr,yes
5185220608,4440526182,561082307,0,0,bam,gff3,nan,nan,?,--fr,yes
3329658880,2723803088,280140258,0,0,bam,gtf,nan,nan,rn6,nan,yes
3577597952,2956066834,280140258,0,0,bam,gtf,nan,nan,rn6,nan,yes
2965348352,2337705973,280140258,0,0,bam,gtf,nan,nan,rn6,nan,yes
2816290816,2182463241,280140258,0,0,bam,gtf,nan,nan,rn6,nan,yes
4148629504,3646315390,58077962,0,0,bam,gtf,nan,nan,rn6,nan,yes
3058683904,2560793355,58077962,0,0,bam,gtf,nan,nan,rn6,nan,yes
3266592768,2884192599,58077962,0,0,bam,gtf,nan,nan,rn6,nan,yes
3128217600,2629886286,58077962,0,0,bam,gtf,nan,nan,rn6,nan,yes
3143274496,2723803088,58077962,0,0,bam,gtf,nan,nan,rn6,nan,yes
3321479168,2956066834,58077962,0,0,bam,gtf,nan,nan,rn6,nan,yes
474550272,2337705973,58077962,0,0,bam,gtf,nan,nan,rn6,nan,yes
2600689664,2182463241,58077962,0,0,bam,gtf,nan,nan,rn6,nan,yes
1945927680,1296722592,158314123,0,0,bam,gtf,nan,nan,hg19,nan,yes
1931980800,1307695058,158314123,0,0,bam,gtf,nan,nan,hg19,nan,yes
2244014080,1600548949,158314123,0,0,bam,gtf,nan,nan,hg19,nan,yes
2351431680,1842725946,158314123,0,0,bam,gtf,nan,nan,hg19,nan,yes
2211639296,1682189098,158314123,0,0,bam,gtf,nan,nan,hg19,nan,yes
2833346560,2171230875,158314123,0,0,bam,gtf,nan,nan,hg19,nan,yes
2567426048,1872359977,158314123,0,0,bam,gtf,nan,nan,hg19,nan,yes
2202587136,1710095965,158314123,0,0,bam,gtf,nan,nan,hg19,nan,yes
5089665024,4426097756,0,0,0,bam,nan,nan,nan,Arabidopsis_thaliana_TAIR10,--fr,no
2372591616,1296722592,158314123,0,0,bam,gtf,nan,nan,hg19,nan,yes
2392211456,1307695058,158314123,0,0,bam,gtf,nan,nan,hg19,nan,yes
2449743872,1600548949,158314123,0,0,bam,gtf,nan,nan,hg19,nan,yes
2770571264,1842725946,158314123,0,0,bam,gtf,nan,nan,hg19,nan,yes
2589741056,1682189098,158314123,0,0,bam,gtf,nan,nan,hg19,nan,yes
2891796480,2171230875,158314123,0,0,bam,gtf,nan,nan,hg19,nan,yes
2794856448,1872359977,158314123,0,0,bam,gtf,nan,nan,hg19,nan,yes
2626629632,1710095965,158314123,0,0,bam,gtf,nan,nan,hg19,nan,yes
5311156224,4426097756,111156695,0,0,bam,gff3,nan,nan,Arabidopsis_thaliana_TAIR10,--fr,yes
4176900096,3993045779,0,0,0,bam,nan,nan,nan,Arabidopsis_thaliana_TAIR10,--fr,no
5648556032,5177325471,0,0,0,bam,nan,nan,nan,Arabidopsis_thaliana_TAIR10,--fr,no
2852896768,2708356125,0,0,0,bam,nan,nan,nan,Arabidopsis_thaliana_TAIR10,--fr,no
4751065088,4168789824,0,0,0,bam,nan,nan,nan,Arabidopsis_thaliana_TAIR10,--fr,no
10019196928,3762232527,0,0,0,bam,nan,nan,nan,Arabidopsis_thaliana_TAIR10,--fr,no
2628554752,2281483021,94926257,0,0,bam,gtf,nan,nan,mm10,nan,yes
4993679360,4426097756,433033758,0,0,bam,gff3,nan,nan,Arabidopsis_thaliana_TAIR10,--fr,yes
4738899968,3993045779,433033758,0,0,bam,gff3,nan,nan,Arabidopsis_thaliana_TAIR10,--fr,yes
5559635968,5177325471,433033758,0,0,bam,gff3,nan,nan,Arabidopsis_thaliana_TAIR10,--fr,yes
3015479296,2708356125,433033758,0,0,bam,gff3,nan,nan,Arabidopsis_thaliana_TAIR10,--fr,yes
4518547456,4168789824,433033758,0,0,bam,gff3,nan,nan,Arabidopsis_thaliana_TAIR10,--fr,yes
4621975552,3762232527,433033758,0,0,bam,gff3,nan,nan,Arabidopsis_thaliana_TAIR10,--fr,yes
2732806144,2281483021,94926257,0,0,bam,gtf,nan,nan,mm10,nan,yes
2560016384,2142945464,94926257,0,0,bam,gtf,nan,nan,mm10,nan,yes
3746934784,3762232527,433033758,0,0,bam,gff3,nan,nan,Arabidopsis_thaliana_TAIR10,--fr,yes
195465216,10166946,6195898,0,0,bam,gtf,nan,nan,hg19,nan,yes
194383872,12872910,6195898,0,0,bam,gtf,nan,nan,hg19,nan,yes
212545536,38389271,6195898,0,0,bam,gtf,nan,nan,hg19,nan,yes
217944064,44078207,6195898,0,0,bam,gtf,nan,nan,hg19,nan,yes
7581093888,6125017806,495252809,0,0,bam,gtf,nan,nan,rn6,nan,yes
400052224,111076649,63265093,0,0,bam,gtf,nan,nan,?,--rf,yes
414978048,205291843,63265093,0,0,bam,gtf,nan,nan,?,--rf,yes
319557632,89771470,63265093,0,0,bam,gtf,nan,nan,?,--rf,yes
546471936,326344852,63265093,0,0,bam,gtf,nan,nan,?,--rf,yes
614760448,390274288,63265093,0,0,bam,gtf,nan,nan,?,--rf,yes
703332352,421245170,63265093,0,0,bam,gtf,nan,nan,?,--rf,yes
659353600,372689034,63265093,0,0,bam,gtf,nan,nan,?,--rf,yes
618831872,399852581,63265093,0,0,bam,gtf,nan,nan,?,--rf,yes
8120553472,6474720321,495252809,0,0,bam,gtf,nan,nan,rn6,nan,yes
964214784,775730282,0,0,0,bam,nan,nan,nan,dm3,--fr,no
1169735680,980414145,0,0,0,bam,nan,nan,nan,dm3,--fr,no
1057669120,868133711,0,0,0,bam,nan,nan,nan,dm3,--fr,no
3040448512,1496359143,0,0,0,bam,nan,nan,nan,dm3,--fr,no
4694011904,4440526182,24709029,0,0,bam,gff3,nan,nan,?,--fr,yes
5197656064,5135543568,24709029,0,0,bam,gff3,nan,nan,?,--fr,yes
6324297728,2656666164,561082307,0,0,bam,gff3,nan,nan,?,--fr,yes
5881430016,2765227178,561082307,0,0,bam,gff3,nan,nan,?,--fr,yes
5275049984,2172706330,561082307,0,0,bam,gff3,nan,nan,?,--fr,yes
5243527168,2065492450,561082307,0,0,bam,gff3,nan,nan,?,--fr,yes
6219268096,2550602159,561082307,0,0,bam,gff3,nan,nan,?,--fr,yes
8604655616,5113470255,561082307,0,0,bam,gff3,nan,nan,?,--fr,yes
3237011456,5135543568,561082307,0,0,bam,gff3,nan,nan,?,--fr,yes
7616233472,4440526182,561082307,0,0,bam,gff3,nan,nan,?,--fr,yes
302882816,68206586,63265093,0,0,bam,gtf,nan,nan,?,--rf,yes
485605376,209894506,63265093,0,0,bam,gtf,nan,nan,?,--rf,yes
384184320,96035630,63265093,0,0,bam,gtf,nan,nan,?,--rf,yes
543895552,337379975,63265093,0,0,bam,gtf,nan,nan,?,--rf,yes
732602368,444922184,63265093,0,0,bam,gtf,nan,nan,?,--rf,yes
698769408,406059399,63265093,0,0,bam,gtf,nan,nan,?,--rf,yes
617644032,406168061,63265093,0,0,bam,gtf,nan,nan,?,--rf,yes
357687296,98958912,63265093,0,0,bam,gtf,nan,nan,?,--rf,yes
450248704,231689666,63265093,0,0,bam,gtf,nan,nan,?,--rf,yes
320307200,90817290,63265093,0,0,bam,gtf,nan,nan,?,--rf,yes
573362176,308750992,63265093,0,0,bam,gtf,nan,nan,?,--rf,yes
617185280,391395533,63265093,0,0,bam,gtf,nan,nan,?,--rf,yes
646967296,407820690,63265093,0,0,bam,gtf,nan,nan,?,--rf,yes
293208064,60596468,63265093,0,0,bam,gtf,nan,nan,?,--rf,yes
451444736,172419385,63265093,0,0,bam,gtf,nan,nan,?,--rf,yes
470552576,193291967,63265093,0,0,bam,gtf,nan,nan,?,--rf,yes
384290816,170058917,63265093,0,0,bam,gtf,nan,nan,?,--rf,yes
434114560,218063214,63265093,0,0,bam,gtf,nan,nan,?,--rf,yes
401285120,190895545,63265093,0,0,bam,gtf,nan,nan,?,--rf,yes
441896960,224542121,63265093,0,0,bam,gtf,nan,nan,?,--rf,yes
5726097408,2636789230,561082307,0,0,bam,gff3,nan,nan,?,--fr,yes
334073856,103186075,63265093,0,0,bam,gtf,nan,nan,?,--rf,yes
620789760,412429986,63265093,0,0,bam,gtf,nan,nan,?,--rf,yes
335753216,46232323,63265093,0,0,bam,gtf,nan,nan,?,--rf,yes
390651904,179444559,63265093,0,0,bam,gtf,nan,nan,?,--rf,yes
1484238848,1354109136,0,0,0,bam,nan,nan,nan,dm3,--fr,no
4955725824,4334585947,44139005,0,0,bam,gff3,nan,nan,Arabidopsis_thaliana_TAIR10,nan,yes
6809616384,6220269235,44139005,0,0,bam,gff3,nan,nan,Arabidopsis_thaliana_TAIR10,nan,yes
5666435072,5271641956,44139005,0,0,bam,gff3,nan,nan,Arabidopsis_thaliana_TAIR10,nan,yes
5662654464,5016927901,44139005,0,0,bam,gff3,nan,nan,Arabidopsis_thaliana_TAIR10,nan,yes
4184395776,4149040209,44139005,0,0,bam,gff3,nan,nan,Arabidopsis_thaliana_TAIR10,nan,yes
4748828672,4221137311,44139005,0,0,bam,gff3,nan,nan,Arabidopsis_thaliana_TAIR10,nan,yes
2007130112,1815104897,0,0,0,bam,nan,nan,nan,dm3,--fr,no
1192484864,1001196351,0,0,0,bam,nan,nan,nan,dm3,--fr,no
4457144320,4440526182,24709029,0,0,bam,gff3,nan,nan,?,--fr,yes
4658524160,4334585947,44139005,0,0,bam,gff3,nan,nan,Arabidopsis_thaliana_TAIR10,nan,yes
4613853184,4149040209,75850624,0,0,bam,gtf,nan,nan,Arabidopsis_thaliana_TAIR10,nan,yes
393646080,183965498,63265093,0,0,bam,gtf,nan,nan,?,--rf,yes
398278656,173678156,63265093,0,0,bam,gtf,nan,nan,?,--rf,yes
424550400,201834976,63265093,0,0,bam,gtf,nan,nan,?,--rf,yes
464273408,193586504,63265093,0,0,bam,gtf,nan,nan,?,--rf,yes
415780864,207478122,63265093,0,0,bam,gtf,nan,nan,?,--rf,yes
4655058944,4334585947,75850624,0,0,bam,gtf,nan,nan,Arabidopsis_thaliana_TAIR10,nan,yes
6189903872,6220269235,75850624,0,0,bam,gtf,nan,nan,Arabidopsis_thaliana_TAIR10,nan,yes
5515313152,5271641956,75850624,0,0,bam,gtf,nan,nan,Arabidopsis_thaliana_TAIR10,nan,yes
5176401920,5016927901,75850624,0,0,bam,gtf,nan,nan,Arabidopsis_thaliana_TAIR10,nan,yes
326873088,103247969,63265093,0,0,bam,gtf,nan,nan,?,--rf,yes
4827992064,4149040209,75850624,0,0,bam,gtf,nan,nan,Arabidopsis_thaliana_TAIR10,nan,yes
4987617280,4221137311,75850624,0,0,bam,gtf,nan,nan,Arabidopsis_thaliana_TAIR10,nan,yes
363380736,73086046,63265093,0,0,bam,gtf,nan,nan,?,--rf,yes
446480384,174378921,63265093,0,0,bam,gtf,nan,nan,?,--rf,yes
393371648,174797271,63265093,0,0,bam,gtf,nan,nan,?,--rf,yes
366596096,156124266,63265093,0,0,bam,gtf,nan,nan,?,--rf,yes
411992064,196027704,63265093,0,0,bam,gtf,nan,nan,?,--rf,yes
452546560,176545864,63265093,0,0,bam,gtf,nan,nan,?,--rf,yes
402538496,203048559,63265093,0,0,bam,gtf,nan,nan,?,--rf,yes
389087232,93847984,63265093,0,0,bam,gtf,nan,nan,?,--rf,yes
1131278336,675788014,0,0,0,bam,gtf,nan,nan,hg19,--fr,yes
1195962368,727993504,0,0,0,bam,gtf,nan,nan,hg19,--fr,yes
1185996800,835915038,0,0,0,bam,gtf,nan,nan,hg19,--fr,yes
755507200,409300634,0,0,0,bam,gtf,nan,nan,hg19,--fr,yes
873435136,539155088,0,0,0,bam,gtf,nan,nan,hg19,--fr,yes
958033920,637562901,0,0,0,bam,gtf,nan,nan,hg19,--fr,yes
787828736,450317657,0,0,0,bam,gtf,nan,nan,hg19,--fr,yes
1014525952,667156852,0,0,0,bam,gtf,nan,nan,hg19,--fr,yes
751480832,408550770,0,0,0,bam,gtf,nan,nan,hg19,--fr,yes
938348544,618904468,0,0,0,bam,gtf,nan,nan,hg19,--fr,yes
867565568,532781130,0,0,0,bam,gtf,nan,nan,hg19,--fr,yes
621359104,464848909,0,0,0,bam,nan,nan,nan,mm10,nan,no
718319616,559846963,0,0,0,bam,nan,nan,nan,mm10,nan,no
492466176,335209743,0,0,0,bam,nan,nan,nan,mm10,nan,no
174710784,21285308,0,0,0,bam,nan,nan,nan,mm10,nan,no
2968731648,2611187020,0,809268,0,bam,nan,len,nan,OilPalm_v1,--fr,no
2865139712,2480332720,0,809268,0,bam,nan,len,nan,OilPalm_v1,--fr,no
869814272,665803104,0,0,0,bam,nan,nan,nan,?,nan,no
737501184,549063701,0,0,0,bam,nan,nan,nan,?,nan,no
806027264,604390394,0,0,0,bam,nan,nan,nan,?,nan,no
910135296,703553122,0,0,0,bam,nan,nan,nan,?,nan,no
852656128,652183535,0,0,0,bam,nan,nan,nan,?,nan,no
935391232,726933266,0,0,0,bam,nan,nan,nan,?,nan,no
878551040,675283762,0,0,0,bam,nan,nan,nan,?,nan,no
903442432,697811617,0,0,0,bam,nan,nan,nan,?,nan,no
915808256,710801210,0,0,0,bam,nan,nan,nan,?,nan,no
806137856,620376808,0,0,0,bam,nan,nan,nan,?,nan,no
230531072,44078194,6195898,0,0,bam,gtf,nan,nan,hg19,nan,yes
986968064,665803104,40860898,0,0,bam,gtf,nan,nan,?,--fr,yes
763846656,549063701,40860898,0,0,bam,gtf,nan,nan,?,--fr,yes
915689472,604390394,40860898,0,0,bam,gtf,nan,nan,?,--fr,yes
1007034368,703553122,40860898,0,0,bam,gtf,nan,nan,?,--fr,yes
957796352,652183535,40860898,0,0,bam,gtf,nan,nan,?,--fr,yes
2104229888,1496464921,280140258,0,0,bam,gtf,nan,nan,rn6,nan,yes
1976643584,1368710142,280140258,0,0,bam,gtf,nan,nan,rn6,nan,yes
1653854208,1335048658,280140258,0,0,bam,gtf,nan,nan,rn6,nan,yes
2227195904,1901064492,280140258,0,0,bam,gtf,nan,nan,rn6,nan,yes
1780051968,1432766454,280140258,0,0,bam,gtf,nan,nan,rn6,nan,yes
1484042240,1142285053,280140258,0,0,bam,gtf,nan,nan,rn6,nan,yes
1557557248,1220103993,280140258,0,0,bam,gtf,nan,nan,rn6,nan,yes
270467072,12308,280140258,0,0,bam,gtf,nan,nan,rn6,nan,yes
1991352320,1496464921,57988337,0,0,bam,gtf,nan,nan,rn6,nan,yes
1863593984,1368710142,57988337,0,0,bam,gtf,nan,nan,rn6,nan,yes
1769832448,1335048658,57988337,0,0,bam,gtf,nan,nan,rn6,nan,yes
2398920704,1901064492,57988337,0,0,bam,gtf,nan,nan,rn6,nan,yes
1866809344,1432766454,57988337,0,0,bam,gtf,nan,nan,rn6,nan,yes
1574440960,1142285053,57988337,0,0,bam,gtf,nan,nan,rn6,nan,yes
1654099968,1220103993,57988337,0,0,bam,gtf,nan,nan,rn6,nan,yes
409071616,12308,57988337,0,0,bam,gtf,nan,nan,rn6,nan,yes
421650432,115668920,63265093,0,0,bam,gtf,nan,nan,?,--rf,yes
414633984,183642218,63265093,0,0,bam,gtf,nan,nan,?,--rf,yes
399769600,75052615,63265093,0,0,bam,gtf,nan,nan,?,--rf,yes
476438528,269732151,63265093,0,0,bam,gtf,nan,nan,?,--rf,yes
496218112,282216795,63265093,0,0,bam,gtf,nan,nan,?,--rf,yes
486395904,290966549,63265093,0,0,bam,gtf,nan,nan,?,--rf,yes
361545728,74908758,63265093,0,0,bam,gtf,nan,nan,?,--rf,yes
371490816,156325632,63265093,0,0,bam,gtf,nan,nan,?,--rf,yes
456417280,165814591,63265093,0,0,bam,gtf,nan,nan,?,--rf,yes
371609600,150074233,63265093,0,0,bam,gtf,nan,nan,?,--rf,yes
411144192,180504646,63265093,0,0,bam,gtf,nan,nan,?,--rf,yes
392118272,164677382,63265093,0,0,bam,gtf,nan,nan,?,--rf,yes
411230208,185659923,63265093,0,0,bam,gtf,nan,nan,?,--rf,yes
368840704,88207708,63265093,0,0,bam,gtf,nan,nan,?,--rf,yes
2257973248,2046401953,19047662,0,0,bam,gff3,nan,nan,?,nan,yes
848941056,546834700,63265093,0,0,bam,gtf,nan,nan,?,--rf,yes
872673280,598053288,63265093,0,0,bam,gtf,nan,nan,?,--rf,yes
694816768,480202547,63265093,0,0,bam,gtf,nan,nan,?,--rf,yes
742797312,530446730,63265093,0,0,bam,gtf,nan,nan,?,--rf,yes
322080768,106434560,63265093,0,0,bam,gtf,nan,nan,?,--rf,yes
304218112,77557547,63265093,0,0,bam,gtf,nan,nan,?,--rf,yes
288919552,75299896,63265093,0,0,bam,gtf,nan,nan,?,--rf,yes
427081728,224524410,63265093,0,0,bam,gtf,nan,nan,?,--rf,yes
524795904,329781996,63265093,0,0,bam,gtf,nan,nan,?,--rf,yes
491057152,294157377,63265093,0,0,bam,gtf,nan,nan,?,--rf,yes
321236992,101422745,63265093,0,0,bam,gtf,nan,nan,?,--rf,yes
361979904,142359489,63265093,0,0,bam,gtf,nan,nan,?,--rf,yes
422330368,138455636,63265093,0,0,bam,gtf,nan,nan,?,--rf,yes
359161856,133901326,63265093,0,0,bam,gtf,nan,nan,?,--rf,yes
378421248,156354472,63265093,0,0,bam,gtf,nan,nan,?,--rf,yes
375296000,151876917,63265093,0,0,bam,gtf,nan,nan,?,--rf,yes
366809088,148109737,63265093,0,0,bam,gtf,nan,nan,?,--rf,yes
1412079616,1208450223,0,0,0,bam,nan,nan,nan,mm10,--fr,no
1469415424,1266007038,0,0,0,bam,nan,nan,nan,mm10,--fr,no
1415745536,1213308313,0,0,0,bam,nan,nan,nan,mm10,--fr,no
1554485248,1349477114,0,0,0,bam,nan,nan,nan,mm10,--fr,no
1671364608,1468117713,0,0,0,bam,nan,nan,nan,mm10,--fr,no
1403650048,1239248748,0,0,0,bam,nan,nan,nan,mm10,--fr,no
1399947264,1198379239,0,0,0,bam,nan,nan,nan,mm10,--fr,no
1458098176,1255371358,0,0,0,bam,nan,nan,nan,mm10,--fr,no
1401446400,1202441650,0,0,0,bam,nan,nan,nan,mm10,--fr,no
1491218432,1338761298,0,0,0,bam,nan,nan,nan,mm10,--fr,no
1644314624,1455059823,0,0,0,bam,nan,nan,nan,mm10,--fr,no
1433309184,1229679924,0,0,0,bam,nan,nan,nan,mm10,--fr,no
373284864,82912993,63265093,0,0,bam,gtf,nan,nan,?,--rf,yes
385568768,91019868,63265093,0,0,bam,gtf,nan,nan,?,--rf,yes
373530624,86875010,63265093,0,0,bam,gtf,nan,nan,?,--rf,yes
401530880,135907034,63265093,0,0,bam,gtf,nan,nan,?,--rf,yes
333111296,109576064,63265093,0,0,bam,gtf,nan,nan,?,--rf,yes
400834560,105764863,63265093,0,0,bam,gtf,nan,nan,?,--rf,yes
602173440,309909641,63265093,0,0,bam,gtf,nan,nan,?,--rf,yes
768262144,462115886,63265093,0,0,bam,gtf,nan,nan,?,--rf,yes
655994880,415854428,63265093,0,0,bam,gtf,nan,nan,?,--rf,yes
338608128,120226210,63265093,0,0,bam,gtf,nan,nan,?,--rf,yes
387891200,174878685,63265093,0,0,bam,gtf,nan,nan,?,--rf,yes
394981376,173306948,63265093,0,0,bam,gtf,nan,nan,?,--rf,yes
385941504,176280494,63265093,0,0,bam,gtf,nan,nan,?,--rf,yes
419127296,206111622,63265093,0,0,bam,gtf,nan,nan,?,--rf,yes
478023680,198109112,63265093,0,0,bam,gtf,nan,nan,?,--rf,yes
424300544,201369223,63265093,0,0,bam,gtf,nan,nan,?,--rf,yes
329183232,112167721,63265093,0,0,bam,gtf,nan,nan,?,--rf,yes
303071232,80459686,63265093,0,0,bam,gtf,nan,nan,?,--rf,yes
524836864,266497506,63265093,0,0,bam,gtf,nan,nan,?,--rf,yes
689537024,398245455,63265093,0,0,bam,gtf,nan,nan,?,--rf,yes
634372096,344251909,63265093,0,0,bam,gtf,nan,nan,?,--rf,yes
374784000,87163710,63265093,0,0,bam,gtf,nan,nan,?,--rf,yes
361254912,157757168,63265093,0,0,bam,gtf,nan,nan,?,--rf,yes
368893952,154670148,63265093,0,0,bam,gtf,nan,nan,?,--rf,yes
363507712,151599911,63265093,0,0,bam,gtf,nan,nan,?,--rf,yes
456470528,175679251,63265093,0,0,bam,gtf,nan,nan,?,--rf,yes
379330560,167199610,63265093,0,0,bam,gtf,nan,nan,?,--rf,yes
376188928,165681976,63265093,0,0,bam,gtf,nan,nan,?,--rf,yes
316805120,93157987,63265093,0,0,bam,gtf,nan,nan,?,--rf,yes
369651712,84877571,63265093,0,0,bam,gtf,nan,nan,?,--rf,yes
318771200,81654524,63265093,0,0,bam,gtf,nan,nan,?,--rf,yes
304705536,80080683,63265093,0,0,bam,gtf,nan,nan,?,--rf,yes
423829504,228750970,63265093,0,0,bam,gtf,nan,nan,?,--rf,yes
467378176,263894334,63265093,0,0,bam,gtf,nan,nan,?,--rf,yes
464920576,263088693,63265093,0,0,bam,gtf,nan,nan,?,--rf,yes
314851328,82392439,63265093,0,0,bam,gtf,nan,nan,?,--rf,yes
368852992,148125135,63265093,0,0,bam,gtf,nan,nan,?,--rf,yes
372723712,154963948,63265093,0,0,bam,gtf,nan,nan,?,--rf,yes
435478528,150716718,63265093,0,0,bam,gtf,nan,nan,?,--rf,yes
384978944,177097984,63265093,0,0,bam,gtf,nan,nan,?,--rf,yes
381419520,168423593,63265093,0,0,bam,gtf,nan,nan,?,--rf,yes
381149184,168249219,63265093,0,0,bam,gtf,nan,nan,?,--rf,yes
315551744,87059075,63265093,0,0,bam,gtf,nan,nan,?,--rf,yes
1432780800,257923417,15631596,0,0,bam,gff3,nan,nan,?,--fr,yes
1761103872,430295921,15631596,0,0,bam,gff3,nan,nan,?,--fr,yes
1691746304,409933420,15631596,0,0,bam,gff3,nan,nan,?,--fr,yes
4994375680,1963312442,15631596,0,0,bam,gff3,nan,nan,?,--fr,yes
5056622592,2046677622,15631596,0,0,bam,gff3,nan,nan,?,--fr,yes
2129870848,1496468463,280140258,0,0,bam,gtf,nan,nan,rn6,nan,yes
1991155712,1368711101,280140258,0,0,bam,gtf,nan,nan,rn6,nan,yes
1953353728,1335048800,280140258,0,0,bam,gtf,nan,nan,rn6,nan,yes
2540384256,1901064107,280140258,0,0,bam,gtf,nan,nan,rn6,nan,yes
2185326592,1561659204,280140258,0,0,bam,gtf,nan,nan,rn6,nan,yes
2079539200,1432763519,280140258,0,0,bam,gtf,nan,nan,rn6,nan,yes
1479168000,1142283495,280140258,0,0,bam,gtf,nan,nan,rn6,nan,yes
1827450880,1220103761,280140258,0,0,bam,gtf,nan,nan,rn6,nan,yes
1990246400,1496468463,58021345,0,0,bam,gtf,nan,nan,rn6,nan,yes
1847468032,1368711101,58021345,0,0,bam,gtf,nan,nan,rn6,nan,yes
1826816000,1335048800,58021345,0,0,bam,gtf,nan,nan,rn6,nan,yes
2298818560,1901064107,58021345,0,0,bam,gtf,nan,nan,rn6,nan,yes
2054606848,1561659204,58021345,0,0,bam,gtf,nan,nan,rn6,nan,yes
1924755456,1432763519,58021345,0,0,bam,gtf,nan,nan,rn6,nan,yes
1557028864,1142283495,58021345,0,0,bam,gtf,nan,nan,rn6,nan,yes
1620836352,1220103761,58021345,0,0,bam,gtf,nan,nan,rn6,nan,yes
391524352,134468203,63265093,0,0,bam,gtf,nan,nan,?,--rf,yes
383328256,94230419,63265093,0,0,bam,gtf,nan,nan,?,--rf,yes
381038592,99195014,63265093,0,0,bam,gtf,nan,nan,?,--rf,yes
681644032,390112577,63265093,0,0,bam,gtf,nan,nan,?,--rf,yes
737996800,476710353,63265093,0,0,bam,gtf,nan,nan,?,--rf,yes
777211904,532367384,63265093,0,0,bam,gtf,nan,nan,?,--rf,yes
360116224,74689538,63265093,0,0,bam,gtf,nan,nan,?,--rf,yes
389615616,179042400,63265093,0,0,bam,gtf,nan,nan,?,--rf,yes
493891584,217689742,63265093,0,0,bam,gtf,nan,nan,?,--rf,yes
427610112,174971488,63265093,0,0,bam,gtf,nan,nan,?,--rf,yes
530534400,245383648,63265093,0,0,bam,gtf,nan,nan,?,--rf,yes
414568448,198070813,63265093,0,0,bam,gtf,nan,nan,?,--rf,yes
469016576,257009355,63265093,0,0,bam,gtf,nan,nan,?,--rf,yes
335200256,113360977,63265093,0,0,bam,gtf,nan,nan,?,--rf,yes
419274752,142478224,63265093,0,0,bam,gtf,nan,nan,?,--rf,yes
299626496,74178505,63265093,0,0,bam,gtf,nan,nan,?,--rf,yes
377364480,87509007,63265093,0,0,bam,gtf,nan,nan,?,--rf,yes
549634048,342587076,63265093,0,0,bam,gtf,nan,nan,?,--rf,yes
677916672,406675457,63265093,0,0,bam,gtf,nan,nan,?,--rf,yes
741134336,454149542,63265093,0,0,bam,gtf,nan,nan,?,--rf,yes
370663424,76491211,63265093,0,0,bam,gtf,nan,nan,?,--rf,yes
380395520,155650003,63265093,0,0,bam,gtf,nan,nan,?,--rf,yes
452476928,185709117,63265093,0,0,bam,gtf,nan,nan,?,--rf,yes
363765760,152148988,63265093,0,0,bam,gtf,nan,nan,?,--rf,yes
421076992,213014612,63265093,0,0,bam,gtf,nan,nan,?,--rf,yes
394706944,170660983,63265093,0,0,bam,gtf,nan,nan,?,--rf,yes
439795712,222255161,63265093,0,0,bam,gtf,nan,nan,?,--rf,yes
320172032,92424290,63265093,0,0,bam,gtf,nan,nan,?,--rf,yes
403509248,127880806,63265093,0,0,bam,gtf,nan,nan,?,--rf,yes
294359040,76905188,63265093,0,0,bam,gtf,nan,nan,?,--rf,yes
322134016,96649445,63265093,0,0,bam,gtf,nan,nan,?,--rf,yes
573317120,351884043,63265093,0,0,bam,gtf,nan,nan,?,--rf,yes
670949376,444730966,63265093,0,0,bam,gtf,nan,nan,?,--rf,yes
753184768,463440190,63265093,0,0,bam,gtf,nan,nan,?,--rf,yes
363712512,73895649,63265093,0,0,bam,gtf,nan,nan,?,--rf,yes
386072576,174582244,63265093,0,0,bam,gtf,nan,nan,?,--rf,yes
404836352,194404450,63265093,0,0,bam,gtf,nan,nan,?,--rf,yes
448004096,170108533,63265093,0,0,bam,gtf,nan,nan,?,--rf,yes
436101120,224482663,63265093,0,0,bam,gtf,nan,nan,?,--rf,yes
405073920,192727088,63265093,0,0,bam,gtf,nan,nan,?,--rf,yes
446414848,234928659,63265093,0,0,bam,gtf,nan,nan,?,--rf,yes
322052096,102213058,63265093,0,0,bam,gtf,nan,nan,?,--rf,yes
3212017664,2032859374,772753579,0,0,bam,gtf,nan,nan,mm10,nan,yes
2750885888,1617561074,261985145,0,0,bam,gtf,nan,nan,hg38Patch11,nan,yes
2662526976,1527327026,261985145,0,0,bam,gtf,nan,nan,hg38Patch11,nan,yes
2664562688,1519385169,261985145,0,0,bam,gtf,nan,nan,hg38Patch11,nan,yes
3264720896,2089656924,261985145,0,0,bam,gtf,nan,nan,hg38Patch11,nan,yes
2905194496,1814973495,261985145,0,0,bam,gtf,nan,nan,hg38Patch11,nan,yes
2754904064,1702413657,261985145,0,0,bam,gtf,nan,nan,hg38Patch11,nan,yes
2774482944,1663787412,261985145,0,0,bam,gtf,nan,nan,hg38Patch11,nan,yes
2687877120,1572537281,261985145,0,0,bam,gtf,nan,nan,hg38Patch11,nan,yes
2419482624,1611496374,261985145,0,0,bam,gtf,nan,nan,hg38Patch11,nan,yes
2562846720,1448210500,261985145,0,0,bam,gtf,nan,nan,hg38Patch11,nan,yes
2781544448,1663146061,261985145,0,0,bam,gtf,nan,nan,hg38Patch11,nan,yes
2506100736,1445796051,261985145,0,0,bam,gtf,nan,nan,hg38Patch11,nan,yes
2647154688,2442458664,0,0,0,bam,nan,nan,nan,OilPalm_v1,nan,no
2742657024,2566916304,0,0,0,bam,nan,nan,nan,OilPalm_v1,nan,no
680087552,508889888,0,0,0,bam,nan,nan,nan,mm10,--rf,no
792141824,618498331,0,0,0,bam,nan,nan,nan,mm10,--rf,no
540258304,367761465,0,0,0,bam,nan,nan,nan,mm10,--rf,no
197578752,22706836,0,0,0,bam,nan,nan,nan,mm10,--rf,no
926339072,725102144,0,0,0,bam,nan,nan,nan,hg_g1k_v37,--fr,no
937316352,751629388,0,0,0,bam,nan,nan,nan,?,--fr,no
960655360,759465352,0,0,0,bam,nan,nan,nan,?,--fr,no
947720192,746751078,0,0,0,bam,nan,nan,nan,?,--fr,no
3406565376,3594372013,0,0,0,bam,nan,nan,nan,oryza_sativa_japonica_nipponbare_IRGSP4.0,nan,no
3922092032,3718184050,0,0,0,bam,nan,nan,nan,oryza_sativa_japonica_nipponbare_IRGSP4.0,nan,no
425320448,144423558,63265093,0,0,bam,gtf,nan,nan,?,--rf,yes
439775232,161278491,63265093,0,0,bam,gtf,nan,nan,?,--rf,yes
462774272,192157101,63265093,0,0,bam,gtf,nan,nan,?,--rf,yes
498757632,213784775,63265093,0,0,bam,gtf,nan,nan,?,--rf,yes
537219072,262451344,63265093,0,0,bam,gtf,nan,nan,?,--rf,yes
513007616,295774838,63265093,0,0,bam,gtf,nan,nan,?,--rf,yes
679301120,420827942,63265093,0,0,bam,gtf,nan,nan,?,--rf,yes
598544384,377336154,63265093,0,0,bam,gtf,nan,nan,?,--rf,yes
290889728,68128959,63265093,0,0,bam,gtf,nan,nan,?,--rf,yes
351948800,160036174,63265093,0,0,bam,gtf,nan,nan,?,--rf,yes
370733056,163123670,63265093,0,0,bam,gtf,nan,nan,?,--rf,yes
390287360,175009183,63265093,0,0,bam,gtf,nan,nan,?,--rf,yes
381726720,177895898,63265093,0,0,bam,gtf,nan,nan,?,--rf,yes
424943616,214839345,63265093,0,0,bam,gtf,nan,nan,?,--rf,yes
397377536,184409651,63265093,0,0,bam,gtf,nan,nan,?,--rf,yes
552910848,324526704,63265093,0,0,bam,gtf,nan,nan,?,--rf,yes
398979072,120808149,63265093,0,0,bam,gtf,nan,nan,?,--rf,yes
292827136,73442192,63265093,0,0,bam,gtf,nan,nan,?,--rf,yes
396259328,81959459,63265093,0,0,bam,gtf,nan,nan,?,--rf,yes
535941120,326212522,63265093,0,0,bam,gtf,nan,nan,?,--rf,yes
602189824,328936440,63265093,0,0,bam,gtf,nan,nan,?,--rf,yes
627380224,409059007,63265093,0,0,bam,gtf,nan,nan,?,--rf,yes
293314560,65580359,63265093,0,0,bam,gtf,nan,nan,?,--rf,yes
381607936,156302685,63265093,0,0,bam,gtf,nan,nan,?,--rf,yes
410255360,188001770,63265093,0,0,bam,gtf,nan,nan,?,--rf,yes
379297792,152075771,63265093,0,0,bam,gtf,nan,nan,?,--rf,yes
480522240,216967349,63265093,0,0,bam,gtf,nan,nan,?,--rf,yes
389365760,167862552,63265093,0,0,bam,gtf,nan,nan,?,--rf,yes
440844288,225862349,63265093,0,0,bam,gtf,nan,nan,?,--rf,yes
327307264,90902071,63265093,0,0,bam,gtf,nan,nan,?,--rf,yes
453427200,179812650,63265093,0,0,bam,gtf,nan,nan,?,--rf,yes
421597184,200591897,63265093,0,0,bam,gtf,nan,nan,?,--rf,yes
438435840,220953061,63265093,0,0,bam,gtf,nan,nan,?,--rf,yes
526389248,305070078,63265093,0,0,bam,gtf,nan,nan,?,--rf,yes
566546432,340209954,63265093,0,0,bam,gtf,nan,nan,?,--rf,yes
569085952,355218082,63265093,0,0,bam,gtf,nan,nan,?,--rf,yes
930754560,628110011,63265093,0,0,bam,gtf,nan,nan,?,--rf,yes
661094400,450524390,63265093,0,0,bam,gtf,nan,nan,?,--rf,yes
365916160,74939852,63265093,0,0,bam,gtf,nan,nan,?,--rf,yes
471990272,189229408,63265093,0,0,bam,gtf,nan,nan,?,--rf,yes
452165632,180797833,63265093,0,0,bam,gtf,nan,nan,?,--rf,yes
493096960,214278373,63265093,0,0,bam,gtf,nan,nan,?,--rf,yes
416411648,202158155,63265093,0,0,bam,gtf,nan,nan,?,--rf,yes
552448000,265058328,63265093,0,0,bam,gtf,nan,nan,?,--rf,yes
431198208,211572450,63265093,0,0,bam,gtf,nan,nan,?,--rf,yes
686436352,458321933,63265093,0,0,bam,gtf,nan,nan,?,--rf,yes
5954334720,5251506406,158314123,0,0,bam,gtf,nan,nan,hg19,nan,yes
5701345280,5279631798,158314123,0,0,bam,gtf,nan,nan,hg19,nan,yes
6126206976,5470519551,158314123,0,0,bam,gtf,nan,nan,hg19,nan,yes
6025936896,5464327239,158314123,0,0,bam,gtf,nan,nan,hg19,nan,yes
6261108736,5870605165,158314123,0,0,bam,gtf,nan,nan,hg19,nan,yes
6758326272,5911505955,158314123,0,0,bam,gtf,nan,nan,hg19,nan,yes
5906976768,5506560410,158314123,0,0,bam,gtf,nan,nan,hg19,nan,yes
5870862336,5524580485,158314123,0,0,bam,gtf,nan,nan,hg19,nan,yes
3411582976,3190304847,0,0,0,bam,nan,nan,nan,?,nan,no
2895855616,2867092344,0,0,0,bam,nan,nan,nan,?,nan,no
3046723584,3183822247,0,0,0,bam,nan,nan,nan,?,nan,no
2966061056,2867095777,0,0,0,bam,nan,nan,nan,?,nan,no
209408000,35933577,0,0,0,bam,nan,nan,nan,?,nan,no
441204736,164539186,63265093,0,0,bam,gtf,nan,nan,?,--rf,yes
379056128,163913942,63265093,0,0,bam,gtf,nan,nan,?,--rf,yes
453402624,178416522,63265093,0,0,bam,gtf,nan,nan,?,--rf,yes
425660416,214930440,63265093,0,0,bam,gtf,nan,nan,?,--rf,yes
476385280,275419859,63265093,0,0,bam,gtf,nan,nan,?,--rf,yes
484401152,276660662,63265093,0,0,bam,gtf,nan,nan,?,--rf,yes
644304896,437027662,63265093,0,0,bam,gtf,nan,nan,?,--rf,yes
560787456,345229401,63265093,0,0,bam,gtf,nan,nan,?,--rf,yes
301883392,82233868,63265093,0,0,bam,gtf,nan,nan,?,--rf,yes
376029184,164398098,63265093,0,0,bam,gtf,nan,nan,?,--rf,yes
373485568,151913450,63265093,0,0,bam,gtf,nan,nan,?,--rf,yes
394567680,182680582,63265093,0,0,bam,gtf,nan,nan,?,--rf,yes
371712000,167003582,63265093,0,0,bam,gtf,nan,nan,?,--rf,yes
428683264,223297746,63265093,0,0,bam,gtf,nan,nan,?,--rf,yes
392085504,171845609,63265093,0,0,bam,gtf,nan,nan,?,--rf,yes
526413824,329775836,63265093,0,0,bam,gtf,nan,nan,?,--rf,yes
463081472,199502208,63265093,0,0,bam,gtf,nan,nan,?,--rf,yes
423227392,210214986,63265093,0,0,bam,gtf,nan,nan,?,--rf,yes
446332928,224136016,63265093,0,0,bam,gtf,nan,nan,?,--rf,yes
438657024,222918511,63265093,0,0,bam,gtf,nan,nan,?,--rf,yes
462413824,256800701,63265093,0,0,bam,gtf,nan,nan,?,--rf,yes
518488064,302169436,63265093,0,0,bam,gtf,nan,nan,?,--rf,yes
644153344,443391593,63265093,0,0,bam,gtf,nan,nan,?,--rf,yes
630591488,341930257,63265093,0,0,bam,gtf,nan,nan,?,--rf,yes
311570432,90203165,63265093,0,0,bam,gtf,nan,nan,?,--rf,yes
379801600,156140843,63265093,0,0,bam,gtf,nan,nan,?,--rf,yes
394846208,171729619,63265093,0,0,bam,gtf,nan,nan,?,--rf,yes
400293888,193598895,63265093,0,0,bam,gtf,nan,nan,?,--rf,yes
421470208,203619619,63265093,0,0,bam,gtf,nan,nan,?,--rf,yes
436563968,222471534,63265093,0,0,bam,gtf,nan,nan,?,--rf,yes
475992064,226732395,63265093,0,0,bam,gtf,nan,nan,?,--rf,yes
565923840,341634456,63265093,0,0,bam,gtf,nan,nan,?,--rf,yes
420151296,140413425,63265093,0,0,bam,gtf,nan,nan,?,--rf,yes
356962304,79053790,63265093,0,0,bam,gtf,nan,nan,?,--rf,yes
479051776,263806579,63265093,0,0,bam,gtf,nan,nan,?,--rf,yes
527986688,257811555,63265093,0,0,bam,gtf,nan,nan,?,--rf,yes
533557248,328439567,63265093,0,0,bam,gtf,nan,nan,?,--rf,yes
321662976,94042396,63265093,0,0,bam,gtf,nan,nan,?,--rf,yes
383176704,157997748,63265093,0,0,bam,gtf,nan,nan,?,--rf,yes
355123200,147287013,63265093,0,0,bam,gtf,nan,nan,?,--rf,yes
387629056,175891217,63265093,0,0,bam,gtf,nan,nan,?,--rf,yes
395223040,168165632,63265093,0,0,bam,gtf,nan,nan,?,--rf,yes
424443904,215671016,63265093,0,0,bam,gtf,nan,nan,?,--rf,yes
429346816,158785368,63265093,0,0,bam,gtf,nan,nan,?,--rf,yes
385019904,157735977,63265093,0,0,bam,gtf,nan,nan,?,--rf,yes
354377728,63477640,63265093,0,0,bam,gtf,nan,nan,?,--rf,yes
314806272,100531622,63265093,0,0,bam,gtf,nan,nan,?,--rf,yes
344764416,126417505,63265093,0,0,bam,gtf,nan,nan,?,--rf,yes
318103552,84570601,63265093,0,0,bam,gtf,nan,nan,?,--rf,yes
7424765952,6838196027,94926257,0,0,bam,gtf,nan,nan,mm10,--fr,yes
7065255936,6838196027,94926257,0,0,bam,gtf,nan,nan,mm10,--rf,yes
6832914432,5840656742,68396861,0,0,bam,gtf,nan,nan,mm10,--fr,yes
2956001280,2681274163,0,0,0,bam,nan,nan,nan,hg38,nan,no
2954125312,2681272969,0,0,0,bam,nan,nan,nan,hg38,nan,no
1475141632,1245869761,0,0,0,bam,nan,nan,nan,hg38,nan,no
2942754816,2681272969,0,0,0,bam,nan,nan,nan,hg38,nan,no
1598873600,1364951868,0,0,0,bam,nan,nan,nan,hg38,nan,no
2056736768,1783716839,0,0,0,bam,nan,nan,nan,hg38,nan,no
1593724928,1369634036,0,0,0,bam,nan,nan,nan,hg38,nan,no
2063269888,1790626728,0,0,0,bam,nan,nan,nan,hg38,nan,no
10296475648,9921670582,63265093,0,0,bam,gtf,nan,nan,?,--rf,yes
2579533824,1136336377,756721066,0,0,bam,gtf,nan,nan,?,nan,yes
1921658880,1209224749,756721066,0,0,bam,gtf,nan,nan,?,nan,yes
2654474240,1168574459,756721066,0,0,bam,gtf,nan,nan,?,nan,yes
1940545536,1196771595,756721066,0,0,bam,gtf,nan,nan,?,nan,yes
1935339520,1221887542,756721066,0,0,bam,gtf,nan,nan,?,nan,yes
1938292736,1204479066,756721066,0,0,bam,gtf,nan,nan,?,nan,yes
1881505792,1141740794,756721066,0,0,bam,gtf,nan,nan,?,nan,yes
1845137408,1142610277,756721066,0,0,bam,gtf,nan,nan,?,nan,yes
1910378496,1198152499,756721066,0,0,bam,gtf,nan,nan,?,nan,yes
2669768704,1185115672,756721066,0,0,bam,gtf,nan,nan,?,nan,yes
1904689152,1191150876,756721066,0,0,bam,gtf,nan,nan,?,nan,yes
1907957760,1186984389,756721066,0,0,bam,gtf,nan,nan,?,nan,yes
1947426816,1214486076,756721066,0,0,bam,gtf,nan,nan,?,nan,yes
1840766976,1169402381,756721066,0,0,bam,gtf,nan,nan,?,nan,yes
1841442816,1138120015,756721066,0,0,bam,gtf,nan,nan,?,nan,yes
1917947904,1201995587,756721066,0,0,bam,gtf,nan,nan,?,nan,yes
1910128640,1201713198,756721066,0,0,bam,gtf,nan,nan,?,nan,yes
1900204032,1192272649,756721066,0,0,bam,gtf,nan,nan,?,nan,yes
1905463296,1195080169,756721066,0,0,bam,gtf,nan,nan,?,nan,yes
1877999616,1174726744,756721066,0,0,bam,gtf,nan,nan,?,nan,yes
1877495808,1199636897,756721066,0,0,bam,gtf,nan,nan,?,nan,yes
1868521472,1138920577,756721066,0,0,bam,gtf,nan,nan,?,nan,yes
1866616832,1150645821,756721066,0,0,bam,gtf,nan,nan,?,nan,yes
1899806720,1191898407,756721066,0,0,bam,gtf,nan,nan,?,nan,yes
1891287040,1195967552,756721066,0,0,bam,gtf,nan,nan,?,nan,yes
1891127296,1240310392,756721066,0,0,bam,gtf,nan,nan,?,nan,yes
2416869376,931776280,756721066,0,0,bam,gtf,nan,nan,?,nan,yes
1913225216,1174769393,756721066,0,0,bam,gtf,nan,nan,?,nan,yes
1902006272,1206033607,756721066,0,0,bam,gtf,nan,nan,?,nan,yes
1818415104,1131727075,756721066,0,0,bam,gtf,nan,nan,?,nan,yes
1869058048,1150248617,756721066,0,0,bam,gtf,nan,nan,?,nan,yes
10288644096,9756922795,63265093,0,0,bam,gtf,nan,nan,?,--rf,yes
1470816256,1283914784,0,0,0,bam,nan,nan,nan,?,nan,no
208687104,1283914784,9335413,0,0,bam,gtf,nan,nan,?,nan,yes
186867712,498466,8041481,0,0,bam,gtf,nan,nan,MphMS6_v1.0,nan,yes
1224073216,1062626862,0,0,0,bam,nan,nan,nan,?,nan,no
879308800,701504128,0,0,0,bam,nan,nan,nan,?,nan,no
1355796480,1175799358,0,0,0,bam,nan,nan,nan,?,nan,no
1330872320,1171487520,0,0,0,bam,nan,nan,nan,?,nan,no
1159729152,999355050,0,0,0,bam,nan,nan,nan,?,nan,no
946139136,784676637,0,0,0,bam,nan,nan,nan,?,nan,no
1241661440,1062626862,0,0,0,bam,nan,nan,nan,ce11,--fr,no
879767552,701504128,0,0,0,bam,nan,nan,nan,ce11,--fr,no
1356210176,1175799358,0,0,0,bam,nan,nan,nan,ce11,--fr,no
1332486144,1171487520,0,0,0,bam,nan,nan,nan,ce11,--fr,no
1179680768,999355050,0,0,0,bam,nan,nan,nan,ce11,--fr,no
963878912,784676637,0,0,0,bam,nan,nan,nan,ce11,--fr,no
1023225856,846736174,0,0,0,bam,nan,nan,nan,386,nan,no
909398016,745890867,0,0,0,bam,nan,nan,nan,386,nan,no
1128759296,846571180,0,0,0,bam,nan,nan,nan,386,nan,no
959500288,798374791,0,0,0,bam,nan,nan,nan,386,nan,no
957247488,800673216,0,0,0,bam,nan,nan,nan,386,nan,no
1055019008,925925364,0,0,0,bam,nan,nan,nan,386,nan,no
1242746880,1062626862,0,0,0,bam,nan,nan,nan,ce11,nan,no
880599040,701504128,0,0,0,bam,nan,nan,nan,ce11,nan,no
1356226560,1175799358,0,0,0,bam,nan,nan,nan,ce11,nan,no
1333227520,1171487520,0,0,0,bam,nan,nan,nan,ce11,nan,no
1162817536,999355050,0,0,0,bam,nan,nan,nan,ce11,nan,no
958369792,784676637,0,0,0,bam,nan,nan,nan,ce11,nan,no
1308770304,1062626862,57274177,0,0,bam,gtf,nan,nan,ce11,--fr,yes
1083596800,784676637,91738534,0,0,bam,gff3,nan,nan,ce11,--fr,yes
723542016,534310352,212936,0,0,bam,gff3,nan,nan,?,nan,yes
1031938048,534310352,215037,0,0,bam,gff3,nan,nan,?,nan,yes
2729668608,2566914172,0,0,0,bam,nan,nan,nan,OilPalm_v1,nan,no
2572234752,2442459596,0,0,0,bam,nan,nan,nan,OilPalm_v1,nan,no
2688667648,2524941117,0,0,0,bam,nan,nan,nan,OilPalm_v1,nan,no
2634489856,2365906027,0,0,0,bam,nan,nan,nan,OilPalm_v1,nan,no
2764058624,2590687115,0,0,0,bam,nan,nan,nan,OilPalm_v1,nan,no
3031715840,2759594784,0,0,0,bam,nan,nan,nan,OilPalm_v1,nan,no
965873664,534286378,215037,0,0,bam,gff3,nan,nan,?,nan,yes
964141056,784676637,0,0,0,bam,nan,nan,nan,ce11,--fr,no
1243037696,1062626862,0,0,0,bam,nan,nan,nan,ce11,nan,no
861679616,701504128,0,0,0,bam,nan,nan,nan,ce11,nan,no
1358082048,1175799358,0,0,0,bam,nan,nan,nan,ce11,nan,no
1352101888,1171487520,0,0,0,bam,nan,nan,nan,ce11,nan,no
1174757376,999355050,0,0,0,bam,nan,nan,nan,ce11,nan,no
2677858304,2508350774,0,0,0,bam,nan,nan,nan,rheMac3,nan,no
3509133312,3340627791,0,0,0,bam,nan,nan,nan,rheMac3,nan,no
1008279552,629052704,215037,0,0,bam,gff3,nan,nan,?,nan,yes
578633728,399178391,215037,0,0,bam,gff3,nan,nan,?,nan,yes
555053056,365270618,215037,0,0,bam,gff3,nan,nan,?,nan,yes
524824576,347937077,215037,0,0,bam,gff3,nan,nan,?,nan,yes
655495168,474409170,215037,0,0,bam,gff3,nan,nan,?,nan,yes
4703043584,4382904931,115600439,0,0,bam,gff3,nan,nan,?,nan,yes
4585279488,4265725451,115600439,0,0,bam,gff3,nan,nan,?,nan,yes
4210286592,3891409911,115600439,0,0,bam,gff3,nan,nan,?,nan,yes
4236419072,3946128352,115600439,0,0,bam,gff3,nan,nan,?,nan,yes
4453744640,4239944811,115600439,0,0,bam,gff3,nan,nan,?,nan,yes
4005687296,3955425310,115600439,0,0,bam,gff3,nan,nan,?,nan,yes
4634132480,4658391703,115600439,0,0,bam,gff3,nan,nan,?,nan,yes
2590765056,2275708205,115600439,0,0,bam,gff3,nan,nan,?,nan,yes
9427050496,9744319376,0,0,0,bam,nan,nan,nan,hg19,nan,no
1647800320,9744319376,0,0,0,bam,gtf,nan,nan,hg19,nan,yes
8003014656,8183633090,0,0,0,bam,gtf,nan,nan,hg19,nan,yes
8253759488,7901982611,0,0,0,bam,gtf,nan,nan,hg19,nan,yes
11119927296,11473795430,0,0,0,bam,gtf,nan,nan,hg19,nan,yes
10862448640,10456632532,0,0,0,bam,gtf,nan,nan,hg19,nan,yes
10537484288,10257605089,0,0,0,bam,gtf,nan,nan,hg19,nan,yes
11643543552,12604800384,0,0,0,bam,gtf,nan,nan,hg19,nan,yes
8025698304,8491243886,0,0,0,bam,gtf,nan,nan,hg19,nan,yes
8955162624,8028420271,0,0,0,bam,gtf,nan,nan,hg19,nan,yes
8761323520,8148916305,0,0,0,bam,gtf,nan,nan,hg19,nan,yes
10270871552,9797664508,0,0,0,bam,gtf,nan,nan,hg19,nan,yes
11835154432,12580454822,0,0,0,bam,gtf,nan,nan,hg19,nan,yes
11308838912,10950201552,0,0,0,bam,gtf,nan,nan,hg19,nan,yes
13705056256,13642908317,0,0,0,bam,gtf,nan,nan,hg19,nan,yes
9453953024,10024373898,0,0,0,bam,gtf,nan,nan,hg19,nan,yes
11825467392,13032460964,0,0,0,bam,gtf,nan,nan,hg19,nan,yes
7527145472,7554966944,0,0,0,bam,gtf,nan,nan,hg19,nan,yes
334794752,160674656,0,0,0,bam,nan,nan,nan,mm10,nan,no
385191936,210999447,0,0,0,bam,nan,nan,nan,mm10,nan,no
295505920,124123333,0,0,0,bam,nan,nan,nan,mm10,nan,no
179757056,8185336,0,0,0,bam,nan,nan,nan,mm10,nan,no
964141056,784676637,0,0,0,bam,nan,nan,nan,ce11,nan,no
2537185280,1081697372,756721066,0,0,bam,gtf,nan,nan,?,nan,yes
1899229184,1193755513,756721066,0,0,bam,gtf,nan,nan,?,nan,yes
2629492736,1192802852,756721066,0,0,bam,gtf,nan,nan,?,nan,yes
1816616960,1127648105,756721066,0,0,bam,gtf,nan,nan,?,nan,yes
1853210624,1136856889,756721066,0,0,bam,gtf,nan,nan,?,nan,yes
1832263680,1134734893,756721066,0,0,bam,gtf,nan,nan,?,nan,yes
2612998144,1139067756,756721066,0,0,bam,gtf,nan,nan,?,nan,yes
1864966144,1143088687,756721066,0,0,bam,gtf,nan,nan,?,nan,yes
1880174592,1171959446,756721066,0,0,bam,gtf,nan,nan,?,nan,yes
1886969856,1190270905,756721066,0,0,bam,gtf,nan,nan,?,nan,yes
1861234688,1164045923,756721066,0,0,bam,gtf,nan,nan,?,nan,yes
1890086912,1189547267,756721066,0,0,bam,gtf,nan,nan,?,nan,yes
1837522944,1114774339,756721066,0,0,bam,gtf,nan,nan,?,nan,yes
1816002560,1110699649,756721066,0,0,bam,gtf,nan,nan,?,nan,yes
1850396672,1131573164,756721066,0,0,bam,gtf,nan,nan,?,nan,yes
2627174400,1153369356,756721066,0,0,bam,gtf,nan,nan,?,nan,yes
1868156928,1161240365,756721066,0,0,bam,gtf,nan,nan,?,nan,yes
2309615616,1081697372,756721066,0,0,bam,gtf,nan,nan,?,nan,yes
1900298240,1193755513,756721066,0,0,bam,gtf,nan,nan,?,nan,yes
2637062144,1192802852,756721066,0,0,bam,gtf,nan,nan,?,nan,yes
1842958336,1127648105,756721066,0,0,bam,gtf,nan,nan,?,nan,yes
1816637440,1136856889,756721066,0,0,bam,gtf,nan,nan,?,nan,yes
1831452672,1134734893,756721066,0,0,bam,gtf,nan,nan,?,nan,yes
2534559744,1139067756,756721066,0,0,bam,gtf,nan,nan,?,nan,yes
2052431872,1143088687,756721066,0,0,bam,gtf,nan,nan,?,nan,yes
719208448,1171959446,756721066,0,0,bam,gtf,nan,nan,?,nan,yes
701399040,1190270905,756721066,0,0,bam,gtf,nan,nan,?,nan,yes
1890709504,1164045923,756721066,0,0,bam,gtf,nan,nan,?,nan,yes
1863557120,1189547267,756721066,0,0,bam,gtf,nan,nan,?,nan,yes
707821568,1114774339,756721066,0,0,bam,gtf,nan,nan,?,nan,yes
734158848,1110699649,756721066,0,0,bam,gtf,nan,nan,?,nan,yes
1834287104,1131573164,756721066,0,0,bam,gtf,nan,nan,?,nan,yes
1888800768,1153369356,756721066,0,0,bam,gtf,nan,nan,?,nan,yes
1827999744,1161240365,756721066,0,0,bam,gtf,nan,nan,?,nan,yes
1859854336,1189726489,756721066,0,0,bam,gtf,nan,nan,?,nan,yes
1905356800,1207200068,756721066,0,0,bam,gtf,nan,nan,?,nan,yes
1907499008,1177529208,756721066,0,0,bam,gtf,nan,nan,?,nan,yes
1828986880,1109310310,756721066,0,0,bam,gtf,nan,nan,?,nan,yes
1768476672,1110584047,756721066,0,0,bam,gtf,nan,nan,?,nan,yes
1823174656,1123818625,756721066,0,0,bam,gtf,nan,nan,?,nan,yes
1843822592,1132512457,756721066,0,0,bam,gtf,nan,nan,?,nan,yes
1818030080,1146093137,756721066,0,0,bam,gtf,nan,nan,?,nan,yes
1838682112,1146590085,756721066,0,0,bam,gtf,nan,nan,?,nan,yes
1792425984,1126436496,756721066,0,0,bam,gtf,nan,nan,?,nan,yes
1810595840,1101845008,756721066,0,0,bam,gtf,nan,nan,?,nan,yes
1819299840,1121213896,756721066,0,0,bam,gtf,nan,nan,?,nan,yes
1827438592,1150455830,756721066,0,0,bam,gtf,nan,nan,?,nan,yes
1851707392,1116414005,756721066,0,0,bam,gtf,nan,nan,?,nan,yes
1818923008,1141128909,756721066,0,0,bam,gtf,nan,nan,?,nan,yes
1829679104,1132180966,756721066,0,0,bam,gtf,nan,nan,?,nan,yes
1865011200,1191019057,756721066,0,0,bam,gtf,nan,nan,?,nan,yes
1852387328,1149491775,756721066,0,0,bam,gtf,nan,nan,?,nan,yes
1851568128,1149606489,756721066,0,0,bam,gtf,nan,nan,?,nan,yes
4914675712,2754362695,0,0,1151947379,bam,nan,nan,gtf,hg38,nan,yes
4109258752,3816983729,115600439,0,0,bam,gff3,nan,nan,?,nan,yes
4000440320,3642871549,115600439,0,0,bam,gff3,nan,nan,?,nan,yes
3459969024,3179779773,115600439,0,0,bam,gff3,nan,nan,?,nan,yes
3500142592,3141498636,115600439,0,0,bam,gff3,nan,nan,?,nan,yes
3848601600,3601254983,115600439,0,0,bam,gff3,nan,nan,?,nan,yes
3344441344,3137574489,115600439,0,0,bam,gff3,nan,nan,?,nan,yes
3938422784,3637791374,115600439,0,0,bam,gff3,nan,nan,?,nan,yes
2200854528,1849607092,115600439,0,0,bam,gff3,nan,nan,?,nan,yes
181850112,8159213,0,0,0,bam,nan,nan,nan,mm10,nan,no
297545728,123925834,0,0,0,bam,nan,nan,nan,mm10,nan,no
384925696,210545663,0,0,0,bam,nan,nan,nan,mm10,nan,no
332333056,160351051,0,0,0,bam,nan,nan,nan,mm10,nan,no
4076212224,3816983729,115600439,0,0,bam,gff3,nan,nan,?,nan,yes
3874029568,3642871549,115600439,0,0,bam,gff3,nan,nan,?,nan,yes
234450944,3179779773,115600439,0,0,bam,gff3,nan,nan,?,nan,yes
3331665920,3141498636,115600439,0,0,bam,gff3,nan,nan,?,nan,yes
3843366912,3601254983,115600439,0,0,bam,gff3,nan,nan,?,nan,yes
1240072192,3137574489,115600439,0,0,bam,gff3,nan,nan,?,nan,yes
3700269056,3637791374,115600439,0,0,bam,gff3,nan,nan,?,nan,yes
2096623616,1849607092,115600439,0,0,bam,gff3,nan,nan,?,nan,yes
982249472,534286378,215037,0,0,bam,gff3,nan,nan,?,nan,yes
718782464,534286378,0,0,0,bam,nan,nan,nan,?,nan,no
1010212864,534286378,329016,0,0,bam,gff3,nan,nan,?,nan,yes
1005608960,534286378,212586,0,0,bam,gtf,nan,nan,?,nan,yes
1022439424,629052704,215037,0,0,bam,gff3,nan,nan,?,nan,yes
531886080,399178391,215037,0,0,bam,gff3,nan,nan,?,nan,yes
547487744,365270618,215037,0,0,bam,gff3,nan,nan,?,nan,yes
538767360,347937077,215037,0,0,bam,gff3,nan,nan,?,nan,yes
654188544,474409170,215037,0,0,bam,gff3,nan,nan,?,nan,yes
3589951488,1463952526,1323302846,0,0,bam,gff3,nan,nan,hg38,nan,yes
3501490176,1369115439,1323302846,0,0,bam,gff3,nan,nan,hg38,nan,yes
3381108736,1253300485,1323302846,0,0,bam,gff3,nan,nan,hg38,nan,yes
2114363392,1474321855,1323302846,0,0,bam,gff3,nan,nan,hg38,nan,yes
2030460928,1232458471,1323302846,0,0,bam,gff3,nan,nan,hg38,nan,yes
2076581888,1252922225,1323302846,0,0,bam,gff3,nan,nan,hg38,nan,yes
2355724288,1590503951,1323302846,0,0,bam,gff3,nan,nan,hg38,nan,yes
2216742912,1446555602,1323302846,0,0,bam,gff3,nan,nan,hg38,nan,yes
3361583104,1275830674,1323302846,0,0,bam,gff3,nan,nan,hg38,nan,yes
2339086336,1507280258,1323302846,0,0,bam,gff3,nan,nan,hg38,nan,yes
2003226624,1210994774,1323302846,0,0,bam,gff3,nan,nan,hg38,nan,yes
2011193344,1263043028,1323302846,0,0,bam,gff3,nan,nan,hg38,nan,yes
2464632832,1624864622,1323302846,0,0,bam,gff3,nan,nan,hg38,nan,yes
1700098048,929756695,1323302846,0,0,bam,gff3,nan,nan,hg38,nan,yes
2083586048,1283483193,1323302846,0,0,bam,gff3,nan,nan,hg38,nan,yes
2197520384,1462001839,1323302846,0,0,bam,gff3,nan,nan,hg38,nan,yes
1979559936,1158045171,1323302846,0,0,bam,gff3,nan,nan,hg38,nan,yes
3638300672,1532402080,1323302846,0,0,bam,gff3,nan,nan,hg38,nan,yes
2039832576,1211289431,1323302846,0,0,bam,gff3,nan,nan,hg38,nan,yes
3413823488,1291825760,1323302846,0,0,bam,gff3,nan,nan,hg38,nan,yes
3557625856,1415121244,1323302846,0,0,bam,gff3,nan,nan,hg38,nan,yes
2296217600,1463589704,1323302846,0,0,bam,gff3,nan,nan,hg38,nan,yes
2161225728,1362833818,1323302846,0,0,bam,gff3,nan,nan,hg38,nan,yes
2055647232,1288504661,1323302846,0,0,bam,gff3,nan,nan,hg38,nan,yes
3447676928,1316668959,1323302846,0,0,bam,gff3,nan,nan,hg38,nan,yes
2612396032,1340496499,1323302846,0,0,bam,gff3,nan,nan,hg38,nan,yes
3554127872,1416118091,1323302846,0,0,bam,gff3,nan,nan,hg38,nan,yes
3472330752,1368159798,1323302846,0,0,bam,gff3,nan,nan,hg38,nan,yes
3555459072,1450619907,1323302846,0,0,bam,gff3,nan,nan,hg38,nan,yes
1972498432,1199383830,1323302846,0,0,bam,gff3,nan,nan,hg38,nan,yes
4981882880,4791914105,0,0,0,bam,nan,nan,nan,?,nan,no
4347527168,4153312388,0,0,0,bam,nan,nan,nan,?,nan,no
4696367104,4502197741,0,0,0,bam,nan,nan,nan,?,nan,no
2668609536,1463952526,304773640,0,0,bam,gtf,nan,nan,hg38,nan,yes
2577162240,1369115439,304773640,0,0,bam,gtf,nan,nan,hg38,nan,yes
2164592640,1253300485,304773640,0,0,bam,gtf,nan,nan,hg38,nan,yes
2323615744,1474321855,304773640,0,0,bam,gtf,nan,nan,hg38,nan,yes
2423037952,1232458471,304773640,0,0,bam,gtf,nan,nan,hg38,nan,yes
2456526848,1252922225,304773640,0,0,bam,gtf,nan,nan,hg38,nan,yes
2472210432,1590503951,304773640,0,0,bam,gtf,nan,nan,hg38,nan,yes
2660556800,1446555602,304773640,0,0,bam,gtf,nan,nan,hg38,nan,yes
2490982400,1275830674,304773640,0,0,bam,gtf,nan,nan,hg38,nan,yes
2375200768,1507280258,304773640,0,0,bam,gtf,nan,nan,hg38,nan,yes
2349363200,1210994774,304773640,0,0,bam,gtf,nan,nan,hg38,nan,yes
2406289408,1263043028,304773640,0,0,bam,gtf,nan,nan,hg38,nan,yes
2467278848,1624864622,304773640,0,0,bam,gtf,nan,nan,hg38,nan,yes
1790529536,929756695,304773640,0,0,bam,gtf,nan,nan,hg38,nan,yes
2487353344,1283483193,304773640,0,0,bam,gtf,nan,nan,hg38,nan,yes
2638303232,1462001839,304773640,0,0,bam,gtf,nan,nan,hg38,nan,yes
2352132096,1158045171,304773640,0,0,bam,gtf,nan,nan,hg38,nan,yes
2452320256,1532402080,304773640,0,0,bam,gtf,nan,nan,hg38,nan,yes
2413989888,1211289431,304773640,0,0,bam,gtf,nan,nan,hg38,nan,yes
2484871168,1291825760,304773640,0,0,bam,gtf,nan,nan,hg38,nan,yes
2620805120,1415121244,304773640,0,0,bam,gtf,nan,nan,hg38,nan,yes
2635526144,1463589704,304773640,0,0,bam,gtf,nan,nan,hg38,nan,yes
2153857024,1362833818,304773640,0,0,bam,gtf,nan,nan,hg38,nan,yes
2477174784,1288504661,304773640,0,0,bam,gtf,nan,nan,hg38,nan,yes
2189475840,1316668959,304773640,0,0,bam,gtf,nan,nan,hg38,nan,yes
2516770816,1340496499,304773640,0,0,bam,gtf,nan,nan,hg38,nan,yes
2595246080,1416118091,304773640,0,0,bam,gtf,nan,nan,hg38,nan,yes
2590126080,1368159798,304773640,0,0,bam,gtf,nan,nan,hg38,nan,yes
2659250176,1450619907,304773640,0,0,bam,gtf,nan,nan,hg38,nan,yes
2377318400,1199383830,304773640,0,0,bam,gtf,nan,nan,hg38,nan,yes
2472697856,1380496626,401706329,0,0,bam,gtf,nan,nan,hg38,nan,yes
2424442880,1237524533,401706329,0,0,bam,gtf,nan,nan,hg38,--fr,yes
2131734528,1326634876,401706329,0,0,bam,gtf,nan,nan,hg38,--fr,yes
2322726912,1197257914,401706329,0,0,bam,gtf,nan,nan,hg38,--fr,yes
2349101056,1225637120,401706329,0,0,bam,gtf,nan,nan,hg38,--fr,yes
2271498240,1192364472,401706329,0,0,bam,gtf,nan,nan,hg38,--fr,yes
2448056320,1380496626,301465701,0,0,bam,gtf,nan,nan,hg38,nan,yes
2302238720,1237524533,301465701,0,0,bam,gtf,nan,nan,hg38,nan,yes
2401624064,1326634876,301465701,0,0,bam,gtf,nan,nan,hg38,nan,yes
2198151168,1197257914,304275799,0,0,bam,gtf,nan,nan,hg38,nan,yes
2316132352,1225637120,304275799,0,0,bam,gtf,nan,nan,hg38,nan,yes
2287116288,1192364472,304275799,0,0,bam,gtf,nan,nan,hg38,nan,yes
416034816,124730398,63265093,0,0,bam,gtf,nan,nan,?,--rf,yes
365166592,145465757,63265093,0,0,bam,gtf,nan,nan,?,--rf,yes
407695360,118143192,63265093,0,0,bam,gtf,nan,nan,?,--rf,yes
408604672,131120318,63265093,0,0,bam,gtf,nan,nan,?,--rf,yes
457965568,194079639,63265093,0,0,bam,gtf,nan,nan,?,--rf,yes
387870720,177869678,63265093,0,0,bam,gtf,nan,nan,?,--rf,yes
383483904,91557923,63265093,0,0,bam,gtf,nan,nan,?,--rf,yes
290037760,63478204,63265093,0,0,bam,gtf,nan,nan,?,--rf,yes
364261376,105815797,63265093,0,0,bam,gtf,nan,nan,?,--rf,yes
380219392,100531512,63265093,0,0,bam,gtf,nan,nan,?,--rf,yes
408412160,126418132,63265093,0,0,bam,gtf,nan,nan,?,--rf,yes
306376704,84570623,63265093,0,0,bam,gtf,nan,nan,?,--rf,yes
411455488,124727074,63265093,0,0,bam,gtf,nan,nan,?,--rf,yes
1420972032,534286378,216968,0,0,bam,gtf,nan,nan,?,nan,yes
1060093952,474409170,216968,0,0,bam,gtf,nan,nan,?,nan,yes
175087616,3462730,0,0,0,bam,nan,nan,nan,ce2,nan,no
1597374464,557811108,169911,0,0,bam,gtf,nan,nan,?,nan,yes
1746411520,654765620,169911,0,0,bam,gtf,nan,nan,?,nan,yes
862203904,415640767,169911,0,0,bam,gtf,nan,nan,?,nan,yes
1295712256,381419241,169911,0,0,bam,gtf,nan,nan,?,nan,yes
988491776,364970161,169911,0,0,bam,gtf,nan,nan,?,nan,yes
1154207744,496830039,169911,0,0,bam,gtf,nan,nan,?,nan,yes
2791813120,2591861237,0,0,0,bam,nan,nan,nan,OilPalm_v1,nan,no
2742697984,2590276130,0,0,0,bam,nan,nan,nan,OilPalm_v1,nan,no
2792398848,2591858940,0,0,0,bam,nan,nan,nan,OilPalm_v1,nan,no
2667024384,2461969244,0,0,0,bam,nan,nan,nan,OilPalm_v1,nan,no
2663227392,2460088611,0,0,0,bam,nan,nan,nan,OilPalm_v1,nan,no
2665152512,2461985860,0,0,0,bam,nan,nan,nan,OilPalm_v1,nan,no
371834880,78195648,63265093,0,0,bam,gtf,nan,nan,?,--rf,yes
334671872,124727074,63265093,0,0,bam,gtf,nan,nan,?,--rf,yes
418701312,131794015,63265093,0,0,bam,gtf,nan,nan,?,--rf,yes
397918208,110694188,63265093,0,0,bam,gtf,nan,nan,?,--rf,yes
341155840,127251520,63265093,0,0,bam,gtf,nan,nan,?,--rf,yes
439709696,160831088,63265093,0,0,bam,gtf,nan,nan,?,--rf,yes
431464448,146297554,63265093,0,0,bam,gtf,nan,nan,?,--rf,yes
451923968,175189322,63265093,0,0,bam,gtf,nan,nan,?,--rf,yes
1817706496,1628524339,0,0,0,bam,nan,nan,nan,mm9,--rf,no
1831510016,1630507250,0,0,0,bam,nan,nan,nan,mm9,--rf,no
1096667136,557811108,220117,0,0,bam,gtf,nan,nan,?,nan,yes
1163698176,654765620,220117,0,0,bam,gtf,nan,nan,?,nan,yes
1156145152,415640767,220117,0,0,bam,gtf,nan,nan,?,nan,yes
1314947072,381419241,220117,0,0,bam,gtf,nan,nan,?,nan,yes
1034211328,364970161,220117,0,0,bam,gtf,nan,nan,?,nan,yes
1185251328,496830039,220117,0,0,bam,gtf,nan,nan,?,nan,yes
1583263744,1047687438,0,0,0,bam,nan,nan,nan,?,--fr,no
1512296448,1037960000,0,0,0,bam,nan,nan,nan,?,--fr,no
4650119168,4295729881,152083941,0,0,bam,gff3,nan,nan,?,nan,yes
4378116096,4295729881,0,0,0,bam,nan,nan,nan,?,nan,no
4805537792,4285597104,244786123,0,0,bam,gff3,nan,nan,?,nan,yes
